model,forecast_origin,forecast_date,horizon,split,actual,forecast,std,lower_80,upper_80,lower_95,upper_95,crps,log_score
Naive,2020-01-01,2020-02-01,1,validation,7941.515070351391,7512.733529432759,495.70737452821083,6877.458967553928,8148.008091311589,6541.164928486584,8484.302130378932,255.22968460524908,-7.499027500383785
ARIMA,2020-01-01,2020-02-01,1,validation,7941.515070351391,7865.332486311103,447.64802181841236,7291.648463136594,8439.016509485611,6987.958485796438,8742.706486825768,109.77295957347268,-7.037427108352184
VECM,2020-01-01,2020-02-01,1,validation,7941.515070351391,7633.978324672564,454.39371696025495,7051.649345328337,8216.307304016791,6743.383004629201,8524.573644715925,186.19634285592758,-7.266936278035921
BVAR,2020-01-01,2020-02-01,1,validation,7941.515070351391,7528.053692801152,486.6554415030065,6904.37964986198,8151.727735740323,6574.226554574846,8481.880831027458,246.00956740039544,-7.46740307842305
XGBoost,2020-01-01,2020-02-01,1,validation,7941.515070351391,7589.4599609375,8.757997340276559,7578.23613573503,7600.68378613997,7572.294601573861,7606.625320301139,347.11393854176794,-811.0337050422877
MS-VAR,2020-01-01,2020-02-01,1,validation,7941.515070351391,7513.583714434369,495.70737452821083,6878.309152555538,8148.858276313199,6542.015113488194,8485.152315380543,254.7089599858583,-7.49754543286761
MS-VECM,2020-01-01,2020-02-01,1,validation,7941.515070351391,7601.340538243213,495.70737452821083,6966.065976364383,8236.615100122042,6629.771937297039,8572.909139189387,205.48444988344923,-7.360387403952243
Naive,2020-02-01,2020-03-01,1,validation,7533.736569408685,7512.733529432759,495.70737452821083,6877.458967553928,8148.008091311589,6541.164928486584,8484.302130378932,116.19929006251827,-7.125821916604514
ARIMA,2020-02-01,2020-03-01,1,validation,7533.736569408685,7865.422337909149,447.64802181841236,7291.73831473464,8439.106361083657,6988.048337394484,8742.796338423814,198.40753996019586,-7.297450842635901
VECM,2020-02-01,2020-03-01,1,validation,7533.736569408685,7633.978324672564,454.39371696025495,7051.649345328337,8216.307304016791,6743.383004629201,8524.573644715925,114.97607892922197,-7.062235967756531
BVAR,2020-02-01,2020-03-01,1,validation,7533.736569408685,7552.230454879407,468.40697023221827,6951.942768866118,8152.5181408926965,6634.16966311676,8470.291246642055,109.75562241363184,-7.069055480273146
XGBoost,2020-02-01,2020-03-01,1,validation,7533.736569408685,7827.97021484375,8.757997340276559,7816.74638964128,7839.19404004622,7810.804855480111,7845.135574207389,289.2924745629422,-567.4343864074683
MS-VAR,2020-02-01,2020-03-01,1,validation,7533.736569408685,8126.597071179891,495.70737452821083,7491.322509301061,8761.871633058721,7155.028470233717,9098.165672126066,369.2674336512444,-7.840119001429646
MS-VECM,2020-02-01,2020-03-01,1,validation,7533.736569408685,7845.783646845768,495.70737452821083,7210.509084966938,8481.058208724598,6874.215045899594,8817.352247791943,191.72107525132736,-7.323058532357834
Naive,2020-03-01,2020-04-01,1,validation,7209.520101152639,7512.733529432759,495.70737452821083,6877.458967553928,8148.008091311589,6541.164928486584,8484.302130378932,187.61232761642975,-7.311999466883333
ARIMA,2020-03-01,2020-04-01,1,validation,7209.520101152639,7778.724488585928,447.64802181841236,7205.040465411419,8352.408511760437,6901.3504880712635,8656.098489100592,359.9359438016937,-7.831358519868556
VECM,2020-03-01,2020-04-01,1,validation,7209.520101152639,7633.978324672564,454.39371696025495,7051.649345328337,8216.307304016791,6743.383004629201,8524.573644715925,253.7966125934842,-7.474192587898211
BVAR,2020-03-01,2020-04-01,1,validation,7209.520101152639,7567.297013746489,488.64078801668836,6941.078646874559,8193.515380618419,6609.578667856535,8525.015359636443,214.26980746865914,-7.378615788538956
XGBoost,2020-03-01,2020-04-01,1,validation,7209.520101152639,8280.1689453125,8.757997340276559,8268.94512011003,8291.39277051497,8263.003585948862,8297.334304676138,1065.7076732877383,-7475.392202828654
MS-VAR,2020-03-01,2020-04-01,1,validation,7209.520101152639,7336.222807086209,495.70737452821083,6700.948245207379,7971.49736896504,6364.654206140035,8307.791408032383,128.69424702712462,-7.157589944074263
MS-VECM,2020-03-01,2020-04-01,1,validation,7209.520101152639,7690.096000751559,495.70737452821083,7054.821438872728,8325.370562630389,6718.527399805384,8661.664601697732,288.41742734673574,-7.594865188612075
Naive,2020-04-01,2020-05-01,1,validation,6499.857251537734,7512.733529432759,495.70737452821083,6877.458967553928,8148.008091311589,6541.164928486584,8484.302130378932,740.6935219006389,-9.212451040991079
ARIMA,2020-04-01,2020-05-01,1,validation,6499.857251537734,7559.356426631107,447.64802181841236,6985.672403456598,8133.040449805616,6681.982426116442,8436.73042714577,809.63136226882,-9.823847772933114
VECM,2020-04-01,2020-05-01,1,validation,6499.857251537734,7633.978324672564,454.39371696025495,7051.649345328337,8216.307304016791,6743.383004629201,8524.573644715925,879.6014485776408,-10.152659852232915
BVAR,2020-04-01,2020-05-01,1,validation,6499.857251537734,7565.088745233125,464.00575625273547,6970.44144188554,8159.73604858071,6655.654174358518,8474.523316107732,806.8850802398438,-9.694021425087644
XGBoost,2020-04-01,2020-05-01,1,validation,6499.857251537734,8283.865234375,8.757997340276559,8272.64140917253,8295.08905957747,8266.699875011362,8301.030593738638,1779.0668119651434,-20750.025187690248
MS-VAR,2020-04-01,2020-05-01,1,validation,6499.857251537734,6802.460917747296,495.70737452821083,6167.186355868465,7437.735479626126,5830.8923168011215,7774.02951869347,187.33254270876006,-7.311247807342152
MS-VECM,2020-04-01,2020-05-01,1,validation,6499.857251537734,7192.585715545521,495.70737452821083,6557.311153666691,7827.860277424352,6221.017114599347,8164.154316491696,449.6130767825249,-8.101363750005563
Naive,2020-05-01,2020-06-01,1,validation,6694.648013475818,7512.733529432759,495.70737452821083,6877.458967553928,8148.008091311589,6541.164928486584,8484.302130378932,558.8557815879271,-8.486734731963118
ARIMA,2020-05-01,2020-06-01,1,validation,6694.648013475818,7689.347177734477,447.64802181841236,7115.663154559968,8263.031200908985,6811.973177219812,8566.721178249141,746.2492700651218,-9.491713175328494
VECM,2020-05-01,2020-06-01,1,validation,6694.648013475818,7633.978324672564,454.39371696025495,7051.649345328337,8216.307304016791,6743.383004629201,8524.573644715925,689.3987675086354,-9.17459515736706
BVAR,2020-05-01,2020-06-01,1,validation,6694.648013475818,7555.398459239739,464.7893973595985,6959.746879404828,8151.05003907465,6644.427980018875,8466.368938460604,610.153398866693,-8.77531746688925
XGBoost,2020-05-01,2020-06-01,1,validation,6694.648013475818,7016.21728515625,8.757997340276559,7004.99345995378,7027.44111035872,6999.051925792611,7033.382644519889,316.6281008083094,-677.1658460191095
MS-VAR,2020-05-01,2020-06-01,1,validation,6694.648013475818,6576.2835412456325,495.70737452821083,5941.008979366802,7211.558103124463,5604.714940299458,7547.852142191807,127.06632586636728,-7.153432001776591
MS-VECM,2020-05-01,2020-06-01,1,validation,6694.648013475818,6931.27340365251,495.70737452821083,6295.9988417736795,7566.54796553134,5959.704802706336,7902.842004598684,160.06945139590394,-7.238855320759533
Naive,2020-06-01,2020-07-01,1,validation,7095.831822594811,7512.733529432759,495.70737452821083,6877.458967553928,8148.008091311589,6541.164928486584,8484.302130378932,248.0265546124633,-7.478584843119737
ARIMA,2020-06-01,2020-07-01,1,validation,7095.831822594811,7748.335904960082,447.64802181841236,7174.651881785573,8322.01992813459,6870.9619044454175,8625.709905474747,428.8246458117087,-8.08528480589953
VECM,2020-06-01,2020-07-01,1,validation,7095.831822594811,7633.978324672564,454.39371696025495,7051.649345328337,8216.307304016791,6743.383004629201,8524.573644715925,334.42923514390367,-7.739206729358789
BVAR,2020-06-01,2020-07-01,1,validation,7095.831822594811,7551.786172076559,473.35553623549254,6945.15664355457,8158.415700598547,6624.026369172374,8479.545974980743,273.44603167028674,-7.542699653637359
XGBoost,2020-06-01,2020-07-01,1,validation,7095.831822594811,6872.42431640625,8.757997340276559,6861.20049120378,6883.64814160872,6855.258957042611,6889.589675769889,218.46633531643758,-328.44272406379594
MS-VAR,2020-06-01,2020-07-01,1,validation,7095.831822594811,6905.91680107442,495.70737452821083,6270.642239195589,7541.19136295325,5934.3482001282455,7877.485402020594,144.52147400234057,-7.198314482591558
MS-VECM,2020-06-01,2020-07-01,1,validation,7095.831822594811,6799.956503100623,495.70737452821083,6164.681941221793,7435.231064979454,5828.387902154449,7771.525104046797,184.27835256614696,-7.303054174238415
Naive,2020-07-01,2020-08-01,1,validation,7430.083006707859,7512.733529432759,495.70737452821083,6877.458967553928,8148.008091311589,6541.164928486584,8484.302130378932,121.32925818907411,-7.138824176009633
ARIMA,2020-07-01,2020-08-01,1,validation,7430.083006707859,7750.671942543478,447.64802181841236,7176.9879193689685,8324.355965717987,6873.297942028813,8628.045943058141,192.48497912366113,-7.279390489463405
VECM,2020-07-01,2020-08-01,1,validation,7430.083006707859,7633.978324672564,454.39371696025495,7051.649345328337,8216.307304016791,6743.383004629201,8524.573644715925,142.08914431595505,-7.138577164775053
BVAR,2020-07-01,2020-08-01,1,validation,7430.083006707859,7567.502972734008,488.36873011133986,6941.633262096597,8193.372683371419,6610.317850540247,8524.68809492777,129.4546205541021,-7.149598198001098
XGBoost,2020-07-01,2020-08-01,1,validation,7430.083006707859,7008.4228515625,8.757997340276559,6997.19902636003,7019.64667676497,6991.257492198861,7025.588210926139,416.71898427323566,-1162.0944536960944
MS-VAR,2020-07-01,2020-08-01,1,validation,7430.083006707859,7238.017266343527,495.70737452821083,6602.7427044646965,7873.291828222357,6266.448665397353,8209.585867289701,145.1666387058591,-7.199986128830424
MS-VECM,2020-07-01,2020-08-01,1,validation,7430.083006707859,7107.326541293719,495.70737452821083,6472.051979414889,7742.601103172549,6135.757940347545,8078.895142239893,196.8403254720577,-7.336891750923945
Naive,2020-08-01,2020-09-01,1,validation,6666.320938200717,7512.733529432759,495.70737452821083,6877.458967553928,8148.008091311589,6541.164928486584,8484.302130378932,584.5424124616884,-8.582675742135237
ARIMA,2020-08-01,2020-09-01,1,validation,6666.320938200717,7772.640715639097,447.64802181841236,7198.956692464588,8346.324738813606,6895.266715124432,8650.01471615376,855.7212447913661,-10.076868332221277
VECM,2020-08-01,2020-09-01,1,validation,6666.320938200717,7633.978324672564,454.39371696025495,7051.649345328337,8216.307304016791,6743.383004629201,8524.573644715925,716.708864051987,-9.305409389733173
BVAR,2020-08-01,2020-09-01,1,validation,6666.320938200717,7556.154186956491,475.369030877646,6946.944261223634,8165.364112689347,6624.448007070621,8487.86036684236,632.9377685588577,-8.834995212030227
XGBoost,2020-08-01,2020-09-01,1,validation,6666.320938200717,7096.05810546875,8.757997340276559,7084.83428026628,7107.28193067122,7078.892746105111,7113.223464832389,424.79599639590987,-1206.9218382875379
MS-VAR,2020-08-01,2020-09-01,1,validation,6666.320938200717,7562.790296134048,495.70737452821083,6927.5157342552175,8198.064858012878,6591.221695187874,8534.358897080223,630.6507985040203,-8.76019685449874
MS-VECM,2020-08-01,2020-09-01,1,validation,6666.320938200717,7473.453450894738,495.70737452821083,6838.178889015908,8108.7280127735685,6501.884849948564,8445.022051840911,549.0107672366768,-8.450513426982898
Naive,2020-09-01,2020-10-01,1,validation,5855.74394110227,7512.733529432759,495.70737452821083,6877.458967553928,8148.008091311589,6541.164928486584,8484.302130378932,1377.4236741127368,-12.711668732791079
ARIMA,2020-09-01,2020-10-01,1,validation,5855.74394110227,7763.231984409956,447.64802181841236,7189.547961235447,8336.916007584465,6885.857983895291,8640.60598492462,1654.931614361169,-16.101575727432262
VECM,2020-09-01,2020-10-01,1,validation,5855.74394110227,7633.978324672564,454.39371696025495,7051.649345328337,8216.307304016791,6743.383004629201,8524.573644715925,1521.8796141250543,-14.695338577255242
BVAR,2020-09-01,2020-10-01,1,validation,5855.74394110227,7584.802542050585,489.5164284616148,6957.461996795605,8212.143087305563,6625.367972425168,8544.237111676,1452.9287384360475,-13.3504932396609
XGBoost,2020-09-01,2020-10-01,1,validation,5855.74394110227,7389.02734375,8.757997340276559,7377.80351854753,7400.25116895247,7371.861984386361,7406.192703113639,1528.3422317756074,-15328.257310624394
MS-VAR,2020-09-01,2020-10-01,1,validation,5855.74394110227,6428.658419716486,495.70737452821083,5793.383857837655,7063.932981595316,5457.0898187703115,7400.22702066266,354.1020531134265,-7.792804932974722
MS-VECM,2020-09-01,2020-10-01,1,validation,5855.74394110227,7051.920648295382,495.70737452821083,6416.646086416552,7687.195210174213,6080.352047349208,8023.4892492415565,919.0965204896967,-10.036378277355034
Naive,2020-10-01,2020-11-01,1,validation,5555.275602812615,7512.733529432759,495.70737452821083,6877.458967553928,8148.008091311589,6541.164928486584,8484.302130378932,1677.7938003793686,-14.92150390988333
ARIMA,2020-10-01,2020-11-01,1,validation,5555.275602812615,7781.128727541755,447.64802181841236,7207.444704367246,8354.812750716264,6903.754727027091,8658.502728056419,1973.2948269558785,-19.3849723454112
VECM,2020-10-01,2020-11-01,1,validation,5555.275602812615,7633.978324672564,454.39371696025495,7051.649345328337,8216.307304016791,6743.383004629201,8524.573644715925,1822.338946566969,-17.501719640610336
BVAR,2020-10-01,2020-11-01,1,validation,5555.275602812615,7572.246862306475,507.2507821280989,6922.178828346285,8222.314896266666,6578.053598205655,8566.440126407295,1730.7936388317382,-15.053346310017673
XGBoost,2020-10-01,2020-11-01,1,validation,5555.275602812615,6880.75,8.757997340276559,6869.52617479753,6891.97382520247,6863.584640636361,6897.915359363639,1320.533226315262,-11455.662021199501
MS-VAR,2020-10-01,2020-11-01,1,validation,5555.275602812615,5677.469730580415,495.70737452821083,5042.195168701584,6312.744292459245,4705.9011296342405,6649.038331526589,127.80053305721921,-7.155306563931334
MS-VECM,2020-10-01,2020-11-01,1,validation,5555.275602812615,6249.523793454505,495.70737452821083,5614.2492315756745,6884.798355333335,5277.955192508331,7221.092394400679,450.8868865652377,-8.105652728519386
Naive,2020-11-01,2020-12-01,1,validation,5664.265569350756,7512.733529432759,495.70737452821083,6877.458967553928,8148.008091311589,6541.164928486584,8484.302130378932,1568.8176922177283,-14.077457958914128
ARIMA,2020-11-01,2020-12-01,1,validation,5664.265569350756,7764.882124976729,447.64802181841236,7191.19810180222,8338.566148151238,6887.508124462064,8642.256125491393,1848.0584361460294,-18.033019665411686
VECM,2020-11-01,2020-12-01,1,validation,5664.265569350756,7633.978324672564,454.39371696025495,7051.649345328337,8216.307304016791,6743.383004629201,8524.573644715925,1713.3499300273013,-16.43321364150865
BVAR,2020-11-01,2020-12-01,1,validation,5664.265569350756,7564.236792284644,470.64999885394263,6961.074549429622,8167.399035139667,6641.7797452071245,8486.693839362164,1634.4410524550021,-15.221370443460653
XGBoost,2020-11-01,2020-12-01,1,validation,5664.265569350756,6870.57421875,8.757997340276559,6859.35039354753,6881.79804395247,6853.408859386361,6887.739578113639,1201.3674785271214,-9488.961121657147
MS-VAR,2020-11-01,2020-12-01,1,validation,5664.265569350756,5460.434119948883,495.70737452821083,4825.159558070052,6095.708681827713,4488.865519002708,6432.002720895057,148.81800818555448,-7.209464195686954
MS-VECM,2020-11-01,2020-12-01,1,validation,5664.265569350756,5718.544702808458,495.70737452821083,5083.270140929628,6353.8192646872885,4746.976101862284,6690.113303754632,118.2130662815372,-7.130919258090118
Naive,2020-12-01,2021-01-01,1,validation,4841.863004371764,7512.733529432759,495.70737452821083,6877.458967553928,8148.008091311589,6541.164928486584,8484.302130378932,2391.1975936024733,-21.64018752296348
ARIMA,2020-12-01,2021-01-01,1,validation,4841.863004371764,7711.294501757569,447.64802181841236,7137.61047858306,8284.978524932078,6833.920501242905,8588.668502272234,2616.8731463878676,-27.567105728129714
VECM,2020-12-01,2021-01-01,1,validation,4841.863004371764,7633.978324672564,454.39371696025495,7051.649345328337,8216.307304016791,6743.383004629201,8524.573644715925,2535.751118409898,-25.91660201366963
BVAR,2020-12-01,2021-01-01,1,validation,4841.863004371764,7549.151685561316,484.4721621022144,6928.275627756252,8170.0277433663805,6599.6036963287515,8498.699674793881,2433.9545355274254,-22.71554225774521
XGBoost,2020-12-01,2021-01-01,1,validation,4841.863004371764,6584.43994140625,8.757997340276559,6573.21611620378,6595.66376660872,6567.274582042611,6601.605300769889,1737.635766162363,-19797.57860398016
MS-VAR,2020-12-01,2021-01-01,1,validation,4841.863004371764,5663.325797548333,495.70737452821083,5028.051235669503,6298.600359427163,4691.757196602159,6634.894398494507,561.9014819195318,-8.49800178069943
MS-VECM,2020-12-01,2021-01-01,1,validation,4841.863004371764,5630.512662462987,495.70737452821083,4995.238100584156,6265.787224341817,4658.944061516812,6602.081263409161,532.5149003354252,-8.390498138191635
Naive,2021-01-01,2021-02-01,1,validation,4582.993424023525,4841.863004371764,498.44192547865026,4203.083974441335,5480.642034302193,3864.9347820488388,5818.79122669469,168.945659291966,-7.26529175289782
ARIMA,2021-01-01,2021-02-01,1,validation,4582.993424023525,5269.248940322174,475.60014996810713,4659.74282355711,5878.755057087239,4337.089775342862,6201.408105301487,449.63681100977607,-8.124532806636015
VECM,2021-01-01,2021-02-01,1,validation,4582.993424023525,5112.234403620398,462.861151890582,4519.05396978506,5705.414837455735,4205.043216072158,6019.425591168637,326.3570377990187,-7.7100611162099275
BVAR,2021-01-01,2021-02-01,1,validation,4582.993424023525,4966.386912254564,486.75445116699524,4342.585983325504,5590.187841183624,4012.365718652719,5920.408105856409,228.36265814851785,-7.416896759398091
XGBoost,2021-01-01,2021-02-01,1,validation,4582.993424023525,5639.4501953125,11.317347654255837,5624.946430708372,5653.953959916628,5617.268601509641,5661.631789115359,1050.071641629055,-4360.311088768374
MS-VAR,2021-01-01,2021-02-01,1,validation,4582.993424023525,4555.758409124446,498.44192547865026,3916.979379194018,5194.537439054875,3578.830186801521,5532.686631447372,117.07690821362587,-7.1319183983157775
MS-VECM,2021-01-01,2021-02-01,1,validation,4582.993424023525,5115.945692997886,498.44192547865026,4477.166663067457,5754.724722928315,4139.01747067496,6092.873915320812,324.40666350505745,-7.70205889751038
Naive,2021-02-01,2021-03-01,1,validation,4055.2,4841.863004371764,498.44192547865026,4203.083974441335,5480.642034302193,3864.9347820488388,5818.79122669469,529.8317641273662,-8.37585276180764
ARIMA,2021-02-01,2021-03-01,1,validation,4055.2,5099.010303827134,475.60014996810713,4489.504187062069,5708.516420592198,4166.851138847821,6031.169468806446,780.2005470891526,-9.491919225638776
VECM,2021-02-01,2021-03-01,1,validation,4055.2,5112.234403620398,462.861151890582,4519.05396978506,5705.414837455735,4205.043216072158,6019.425591168637,799.4480237680161,-9.664000561024356
BVAR,2021-02-01,2021-03-01,1,validation,4055.2,4992.924271358877,494.3650164242214,4359.370010609737,5626.478532108018,4023.986643950878,5961.861898766877,669.8290256529908,-8.921186556879723
XGBoost,2021-02-01,2021-03-01,1,validation,4055.2,5365.21630859375,11.317347654255837,5350.712543989622,5379.720073197878,5343.034714790891,5387.397902396609,1303.6311789338304,-6702.717290877421
MS-VAR,2021-02-01,2021-03-01,1,validation,4055.2,4280.735961489428,498.44192547865026,3641.9569315589993,4919.514991419856,3303.8077391665024,5257.664183812352,156.51514472081254,-7.2327955630974285
MS-VECM,2021-02-01,2021-03-01,1,validation,4055.2,4473.237946455115,498.44192547865026,3834.4589165246866,5112.016976385544,3496.30972413219,5450.16616877804,248.69778512926018,-7.482125550312145
Naive,2021-03-01,2021-04-01,1,validation,4470.738472224253,4841.863004371764,498.44192547865026,4203.083974441335,5480.642034302193,3864.9347820488388,5818.79122669469,221.89837621722822,-7.407617303583058
ARIMA,2021-03-01,2021-04-01,1,validation,4470.738472224253,4963.809600560219,475.60014996810713,4354.3034837951545,5573.315717325284,4031.6504355809066,5895.968765539532,298.60182296317765,-7.620925322439779
VECM,2021-03-01,2021-04-01,1,validation,4470.738472224253,5112.234403620398,462.861151890582,4519.05396978506,5705.414837455735,4205.043216072158,6019.425591168637,415.3641332231787,-8.016774946418279
BVAR,2021-03-01,2021-04-01,1,validation,4470.738472224253,4991.437108559008,495.26518914347093,4356.729230052252,5626.144987065764,4020.735175041414,5962.139042076602,316.0419768745142,-7.676703652668316
XGBoost,2021-03-01,2021-04-01,1,validation,4470.738472224253,5200.31982421875,11.317347654255837,5185.816059614622,5214.823588822878,5178.138230415891,5222.501418021609,723.196222334577,-2081.2620071000533
MS-VAR,2021-03-01,2021-04-01,1,validation,4470.738472224253,3656.96014519823,498.44192547865026,3018.1811152678015,4295.739175128659,2680.0319228753046,4633.888367521155,554.0067377350206,-8.463189186550178
MS-VECM,2021-03-01,2021-04-01,1,validation,4470.738472224253,4044.2300608447877,498.44192547865026,3405.4510309143593,4683.0090907752165,3067.3018385218625,5021.158283167713,253.80634463874478,-7.496522537429156
Naive,2021-04-01,2021-05-01,1,validation,4032.831217910092,4841.863004371764,498.44192547865026,4203.083974441335,5480.642034302193,3864.9347820488388,5818.79122669469,549.7517016419885,-8.447687256366262
ARIMA,2021-04-01,2021-05-01,1,validation,4032.831217910092,4949.115669307468,475.60014996810713,4339.609552542403,5558.621786072533,4016.9565043281555,5881.274834286781,657.7663222256646,-8.939382257451955
VECM,2021-04-01,2021-05-01,1,validation,4032.831217910092,5112.234403620398,462.861151890582,4519.05396978506,5705.414837455735,4205.043216072158,6019.425591168637,821.3466064028266,-9.77553297190292
BVAR,2021-04-01,2021-05-01,1,validation,4032.831217910092,4978.338368702567,499.37015736645026,4338.36976174314,5618.306975661994,3999.5908453102525,5957.085892094882,674.9990009517579,-8.92476677523258
XGBoost,2021-04-01,2021-05-01,1,validation,4032.831217910092,4964.6728515625,11.317347654255837,4950.169086958372,4979.176616166628,4942.491257759641,4986.854445365359,925.456503992488,-3393.073744750269
MS-VAR,2021-04-01,2021-05-01,1,validation,4032.831217910092,4578.285342431164,498.44192547865026,3939.506312500736,5217.064372361593,3601.357120108239,5555.213564754089,333.4159405016052,-7.7291918968828135
MS-VECM,2021-04-01,2021-05-01,1,validation,4032.831217910092,4268.5712023824,498.44192547865026,3629.7921724519715,4907.350232312829,3291.6429800594747,5245.4994247053255,160.15214461517996,-7.242268248420698
Naive,2021-05-01,2021-06-01,1,validation,4060.0459080962846,4841.863004371764,498.44192547865026,4203.083974441335,5480.642034302193,3864.9347820488388,5818.79122669469,525.5461915189213,-8.36055615650243
ARIMA,2021-05-01,2021-06-01,1,validation,4060.0459080962846,4957.164908061201,475.60014996810713,4347.658791296136,5566.671024826265,4025.005743081888,5889.324073040513,639.6858236800465,-8.862557795056775
VECM,2021-05-01,2021-06-01,1,validation,4060.0459080962846,5112.234403620398,462.861151890582,4519.05396978506,5705.414837455735,4205.043216072158,6019.425591168637,794.7121205453615,-9.640146287664603
BVAR,2021-05-01,2021-06-01,1,validation,4060.0459080962846,4988.265774887974,480.7827882292228,4372.117839945723,5604.413709830224,4045.9488255719752,5930.582724203972,666.7797513253556,-8.958045082119659
XGBoost,2021-05-01,2021-06-01,1,validation,4060.0459080962846,4391.64892578125,11.317347654255837,4377.145161177122,4406.152690385378,4369.467331978391,4413.830519584109,325.2178880250456,-432.60252473757964
MS-VAR,2021-05-01,2021-06-01,1,validation,4060.0459080962846,3945.2578603214347,498.44192547865026,3306.4788303910063,4584.036890251863,2968.3296379985095,4922.18608264436,126.98302698361225,-7.156943217196771
MS-VECM,2021-05-01,2021-06-01,1,validation,4060.0459080962846,4176.2713762924795,498.44192547865026,3537.492346362051,4815.050406222908,3199.3431539695544,5153.199598615405,127.24644323897493,-7.1576115027531815
Naive,2021-06-01,2021-07-01,1,validation,2805.884166609781,4841.863004371764,498.44192547865026,4203.083974441335,5480.642034302193,3864.9347820488388,5818.79122669469,1754.767925388622,-15.4727561563171
ARIMA,2021-06-01,2021-07-01,1,validation,2805.884166609781,4919.136523037593,475.60014996810713,4309.6304062725285,5528.642639802658,3986.9773580582805,5851.295688016906,1844.924559857571,-16.955143586913884
VECM,2021-06-01,2021-07-01,1,validation,2805.884166609781,5112.234403620398,462.861151890582,4519.05396978506,5705.414837455735,4205.043216072158,6019.425591168637,2045.2088484976587,-19.470574821761723
BVAR,2021-06-01,2021-07-01,1,validation,2805.884166609781,5006.77169971713,497.15335249801063,4369.64404250736,5643.8993569269005,4032.36903402771,5981.17436540655,1920.3997568243617,-16.926909329832597
XGBoost,2021-06-01,2021-07-01,1,validation,2805.884166609781,4332.29833984375,11.317347654255837,4317.794575239622,4346.802104447878,4310.116746040891,4354.479933646609,1520.0290435740494,-9098.82206830659
MS-VAR,2021-06-01,2021-07-01,1,validation,2805.884166609781,4033.4454954224766,498.44192547865026,3394.6664654920482,4672.224525352905,3056.5172730995514,5010.373717745402,948.5862335923799,-10.163110396279968
MS-VECM,2021-06-01,2021-07-01,1,validation,2805.884166609781,3993.64861206084,498.44192547865026,3354.869582130412,4632.4276419912685,3016.720389737915,4970.576834383765,909.4032779919863,-9.969661768993673
Naive,2021-07-01,2021-08-01,1,validation,3543.508985941734,4841.863004371764,498.44192547865026,4203.083974441335,5480.642034302193,3864.9347820488388,5818.79122669469,1018.5752409708083,-10.52298241382414
ARIMA,2021-07-01,2021-08-01,1,validation,3543.508985941734,4951.726570762167,475.60014996810713,4342.220453997103,5561.232687527232,4019.5674057828546,5883.88573574148,1140.3057626860532,-11.467061979041883
VECM,2021-07-01,2021-08-01,1,validation,3543.508985941734,5112.234403620398,462.861151890582,4519.05396978506,5705.414837455735,4205.043216072158,6019.425591168637,1307.667474135146,-12.79967762658705
BVAR,2021-07-01,2021-08-01,1,validation,3543.508985941734,4991.227426859856,479.4092600372841,4376.839739122304,5605.615114597407,4051.6025433318073,5930.852310387904,1177.5821397691589,-11.6510788445348
XGBoost,2021-07-01,2021-08-01,1,validation,3543.508985941734,4186.0546875,11.317347654255837,4171.550922895872,4200.558452104128,4163.873093697141,4208.236281302859,636.1605718983462,-1615.0620849573484
MS-VAR,2021-07-01,2021-08-01,1,validation,3543.508985941734,2473.6660356441284,498.44192547865026,1834.8870057137,3112.445065574557,1496.7378133212032,3450.5942579670536,794.2952625562182,-9.433886984255544
MS-VECM,2021-07-01,2021-08-01,1,validation,3543.508985941734,3270.8593127103095,498.44192547865026,2632.080282779881,3909.638342640738,2293.9310903873843,4247.787535033234,174.54148404522277,-7.280032246277684
Naive,2021-08-01,2021-09-01,1,validation,2704.1872990039246,4841.863004371764,498.44192547865026,4203.083974441335,5480.642034302193,3864.9347820488388,5818.79122669469,1856.4618424084622,-16.326966743621846
ARIMA,2021-08-01,2021-09-01,1,validation,2704.1872990039246,4702.403844921333,475.60014996810713,4092.8977281562684,5311.909961686398,3770.2446799420204,5634.563009900646,1729.8905934839868,-15.909662682056776
VECM,2021-08-01,2021-09-01,1,validation,2704.1872990039246,5112.234403620398,462.861151890582,4519.05396978506,5705.414837455735,4205.043216072158,6019.425591168637,2146.905679573868,-20.589503230010724
BVAR,2021-08-01,2021-09-01,1,validation,2704.1872990039246,5014.2071973383745,508.1112464106637,4363.036434029767,5665.377960646982,4018.3274542337444,6010.086940443005,2023.3493754514443,-17.48400476890759
XGBoost,2021-08-01,2021-09-01,1,validation,2704.1872990039246,4546.265625,11.317347654255837,4531.761860395872,4560.769389604128,4524.084031197141,4568.447218802859,1835.6931963361558,-13249.715087697226
MS-VAR,2021-08-01,2021-09-01,1,validation,2704.1872990039246,3430.7456381842853,498.44192547865026,2791.966608253857,4069.5246681147137,2453.81741586136,4407.6738605072105,477.4960850676182,-8.1928104404809
MS-VECM,2021-08-01,2021-09-01,1,validation,2704.1872990039246,2972.9982830926165,498.44192547865026,2334.219253162188,3611.777313023045,1996.0700607696913,3949.9265054155417,172.9562001356452,-7.275849218728966
Naive,2021-09-01,2021-10-01,1,validation,2269.211946488995,4841.863004371764,498.44192547865026,4203.083974441335,5480.642034302193,3864.9347820488388,5818.79122669469,2291.435336521938,-20.450377114893293
ARIMA,2021-09-01,2021-10-01,1,validation,2269.211946488995,4954.171110909629,475.60014996810713,4344.664994144564,5563.677227674693,4022.011945930316,5886.330275888941,2416.630515064773,-23.018858737137386
VECM,2021-09-01,2021-10-01,1,validation,2269.211946488995,5112.234403620398,462.861151890582,4519.05396978506,5705.414837455735,4205.043216072158,6019.425591168637,2581.8810166551157,-25.920162956264218
BVAR,2021-09-01,2021-10-01,1,validation,2269.211946488995,4999.741810275501,492.5320122005594,4368.536638958845,5630.946981592157,4034.3968051293887,5965.086815421613,2452.648435212916,-22.48570495330547
XGBoost,2021-09-01,2021-10-01,1,validation,2269.211946488995,4145.7421875,11.317347654255837,4131.238422895872,4160.245952104128,4123.560593697141,4167.923781302859,1870.1451113510852,-13749.835433689936
MS-VAR,2021-09-01,2021-10-01,1,validation,2269.211946488995,2824.614649108131,498.44192547865026,2185.8356191777025,3463.393679038559,1847.6864267852056,3801.542871431056,340.68364986364116,-7.751232969630179
MS-VECM,2021-09-01,2021-10-01,1,validation,2269.211946488995,3304.6807969524957,498.44192547865026,2665.9017670220674,3943.459826882924,2327.7525746295705,4281.609019275421,761.1150415473904,-9.288244313923903
Naive,2021-10-01,2021-11-01,1,validation,1588.37233054694,4841.863004371764,498.44192547865026,4203.083974441335,5480.642034302193,3864.9347820488388,5818.79122669469,2972.274931470088,-28.43338830018775
ARIMA,2021-10-01,2021-11-01,1,validation,1588.37233054694,4907.183887838108,475.60014996810713,4297.677771073043,5516.690004603172,3975.024722858795,5839.34305281742,3050.482906745543,-31.430839509577297
VECM,2021-10-01,2021-11-01,1,validation,1588.37233054694,5112.234403620398,462.861151890582,4519.05396978506,5705.414837455735,4205.043216072158,6019.425591168637,3262.720632547876,-36.036896982571804
BVAR,2021-10-01,2021-11-01,1,validation,1588.37233054694,4992.903905361494,454.096685201874,4410.955587532238,5574.852223190751,4102.890756866824,5882.917053856165,3148.334955100094,-35.14253885385244
XGBoost,2021-10-01,2021-11-01,1,validation,1588.37233054694,4139.2998046875,11.317347654255837,4124.796040083372,4153.803569291628,4117.118210884641,4161.481398490359,2544.54234448064,-25405.871757565765
MS-VAR,2021-10-01,2021-11-01,1,validation,1588.37233054694,2071.0487602465582,498.44192547865026,1432.2697303161299,2709.8277901769866,1094.120537923633,3047.9769825694834,289.6410264821388,-7.599296277661334
MS-VECM,2021-10-01,2021-11-01,1,validation,1588.37233054694,2358.2268141920827,498.44192547865026,1719.4477842616543,2997.005844122511,1381.2985918691575,3335.155036515008,515.0142114689669,-8.323199610035665
Naive,2021-11-01,2021-12-01,1,validation,3139.2264604363068,4841.863004371764,498.44192547865026,4203.083974441335,5480.642034302193,3864.9347820488388,5818.79122669469,1421.501825926757,-12.96467212935871
ARIMA,2021-11-01,2021-12-01,1,validation,3139.2264604363068,4900.636527201619,475.60014996810713,4291.1304104365545,5510.142643966684,3968.4773622223065,5832.795692180932,1493.1056044531256,-13.941666124550613
VECM,2021-11-01,2021-12-01,1,validation,3139.2264604363068,5112.234403620398,462.861151890582,4519.05396978506,5705.414837455735,4205.043216072158,6019.425591168637,1711.8684760737065,-16.141392356465268
BVAR,2021-11-01,2021-12-01,1,validation,3139.2264604363068,4979.604977832398,481.92621192971984,4361.991686456694,5597.218269208101,4035.0469592443555,5924.16299642044,1568.4958293722163,-14.388335961297878
XGBoost,2021-11-01,2021-12-01,1,validation,3139.2264604363068,4094.665283203125,11.317347654255837,4080.1615185989963,4109.169047807253,4072.483689400265,4116.846877005984,949.0536931068984,-3566.9248299533397
MS-VAR,2021-11-01,2021-12-01,1,validation,3139.2264604363068,1363.3160479016515,498.44192547865026,724.537017971223,2002.0950778320798,386.3878255787263,2340.2442702245767,1494.739837440791,-13.47763728523755
MS-VECM,2021-11-01,2021-12-01,1,validation,3139.2264604363068,1799.632691589541,498.44192547865026,1160.8536616591127,2438.4117215199694,822.7044692666159,2776.5609139124663,1059.4784998733667,-10.741921397570923
Naive,2021-12-01,2022-01-01,1,validation,2361.645210710561,4841.863004371764,498.44192547865026,4203.083974441335,5480.642034302193,3864.9347820488388,5818.79122669469,2199.0021094311296,-19.510421837481637
ARIMA,2021-12-01,2022-01-01,1,validation,2361.645210710561,4919.08137842609,475.60014996810713,4309.575261661025,5528.587495191155,3986.9222134467773,5851.240543405403,2289.107523028872,-21.541097343043234
VECM,2021-12-01,2022-01-01,1,validation,2361.645210710561,5112.234403620398,462.861151890582,4519.05396978506,5705.414837455735,4205.043216072158,6019.425591168637,2489.447752565306,-24.713491215645995
BVAR,2021-12-01,2022-01-01,1,validation,2361.645210710561,4998.816119579446,501.6511239656593,4355.924336303847,5641.707902855046,4015.5979838027433,5982.0342553561495,2354.1445824858156,-20.954773102655473
XGBoost,2021-12-01,2022-01-01,1,validation,2361.645210710561,4363.4423828125,11.317347654255837,4348.938618208372,4377.946147416628,4341.260789009641,4385.623976615359,1995.4120424420194,-15646.37364811871
MS-VAR,2021-12-01,2022-01-01,1,validation,2361.645210710561,3566.6981768356027,498.44192547865026,2927.9191469051743,4205.4772067660315,2589.7699545126775,4543.626399158527,926.4084709276414,-10.052916374657084
MS-VECM,2021-12-01,2022-01-01,1,validation,2361.645210710561,2541.6957027979465,498.44192547865026,1902.9166728675182,3180.474732728375,1564.7674804750213,3518.6239251208717,142.15167164369933,-7.195667952838378
Naive,2022-01-01,2022-02-01,1,validation,2311.250466948733,2361.645210710561,521.6332193684776,1693.14534178861,3030.145079632512,1339.2628876086917,3384.02753381243,123.84385553718229,-7.180569930540033
ARIMA,2022-01-01,2022-02-01,1,validation,2311.250466948733,2972.7125300572598,477.9128025815756,2360.242629714843,3585.1824303996764,2036.0206492467964,3909.404410867723,428.1252814377629,-8.04618386306084
VECM,2022-01-01,2022-02-01,1,validation,2311.250466948733,2788.4212214011686,477.8980202285153,2175.9702654064586,3400.8721773958787,1851.7583134703102,3725.0841293320273,287.4092944618992,-7.586815252881212
BVAR,2022-01-01,2022-02-01,1,validation,2311.250466948733,2490.6438982561613,493.86613260068975,1857.7289828520927,3123.55881366023,1522.6840651747534,3458.603731337569,141.1283381076396,-7.187175777105115
XGBoost,2022-01-01,2022-02-01,1,validation,2311.250466948733,2322.936767578125,12.202140080041827,2307.299095855548,2338.574439300702,2299.021012486931,2346.852522669319,7.004266784395605,-3.8791689463660215
MS-VAR,2022-01-01,2022-02-01,1,validation,2311.250466948733,2127.0843562343,521.6332193684776,1458.5844873123488,2795.584225156251,1104.7020331324304,3149.4666793361694,147.57657376533945,-7.238227751130037
MS-VECM,2022-01-01,2022-02-01,1,validation,2311.250466948733,2503.536954758694,521.6332193684776,1835.0370858367428,3172.036823680645,1481.1546316568244,3525.919277860563,149.864721606763,-7.2438450304436275
Naive,2022-02-01,2022-03-01,1,validation,1917.0,2361.645210710561,521.6332193684776,1693.14534178861,3030.145079632512,1339.2628876086917,3384.02753381243,264.5789599447844,-7.539204368860048
ARIMA,2022-02-01,2022-03-01,1,validation,1917.0,2966.1685055106964,477.9128025815756,2353.6986051682798,3578.638405853113,2029.476624700233,3902.8603863211597,784.2689623024345,-9.498067868444707
VECM,2022-02-01,2022-03-01,1,validation,1917.0,2788.4212214011686,477.8980202285153,2175.9702654064586,3400.8721773958787,1851.7583134703102,3725.0841293320273,614.6560493884524,-8.750813507832397
BVAR,2022-02-01,2022-03-01,1,validation,1917.0,2489.1263014721703,499.81614574729036,1848.5861374050623,3129.6664655392783,1509.5046569158858,3468.747946028455,352.88475739274725,-7.788317576751604
XGBoost,2022-02-01,2022-03-01,1,validation,1917.0,2583.225341796875,12.202140080041827,2567.587670074298,2598.863013519452,2559.309586705681,2607.141096888069,659.3410214667248,-1493.9490627305345
MS-VAR,2022-02-01,2022-03-01,1,validation,1917.0,2298.1469690380018,521.6332193684776,1629.6471001160508,2966.646837959953,1275.7646459361324,3320.5292921398714,228.31582804190703,-7.442849872068771
MS-VECM,2022-02-01,2022-03-01,1,validation,1917.0,2260.9136586476866,521.6332193684776,1592.4137897257356,2929.4135275696376,1238.5313355458172,3283.2959817495557,209.22084583908216,-7.393242582832711
Naive,2022-03-01,2022-04-01,1,validation,1812.0,2361.645210710561,521.6332193684776,1693.14534178861,3030.145079632512,1339.2628876086917,3384.02753381243,333.7343575786863,-7.731045654902601
ARIMA,2022-03-01,2022-04-01,1,validation,1812.0,482.53448457169816,477.9128025815756,-129.93541577071858,1095.0043849141148,-454.15739623876516,1419.2263653821615,1060.6050824194347,-10.957617158016024
VECM,2022-03-01,2022-04-01,1,validation,1812.0,2788.4212214011686,477.8980202285153,2175.9702654064586,3400.8721773958787,1851.7583134703102,3725.0841293320273,714.0198958278352,-9.175583451381648
BVAR,2022-03-01,2022-04-01,1,validation,1812.0,2490.311969313597,510.9523644359662,1835.500166751765,3145.1237718754287,1488.8637372035462,3491.7602014236472,433.90404080820645,-8.03640201575549
XGBoost,2022-03-01,2022-04-01,1,validation,1812.0,2828.280517578125,12.202140080041827,2812.642845855548,2843.918189300702,2804.364762486931,2852.196272669319,1009.3961972479748,-3471.7887186135235
MS-VAR,2022-03-01,2022-04-01,1,validation,1812.0,-189.8917340403973,521.6332193684776,-858.3916029623482,478.6081348815536,-1212.2740571422667,832.4905890614721,1707.606735230835,-14.540020487465807
MS-VECM,2022-03-01,2022-04-01,1,validation,1812.0,803.9766515737226,521.6332193684776,135.4767826517717,1472.4765204956734,-218.40567152814674,1826.358974675592,724.3195898057306,-9.043059663872764
Naive,2022-04-01,2022-05-01,1,validation,1887.0,2361.645210710561,521.6332193684776,1693.14534178861,3030.145079632512,1339.2628876086917,3384.02753381243,283.23012497133993,-7.589881673970608
ARIMA,2022-04-01,2022-05-01,1,validation,1887.0,-607.1901741637848,477.9128025815756,-1219.6600745062015,5.279726178631904,-1543.8820549742481,329.5017066466785,2224.556763678707,-20.7069460876537
VECM,2022-04-01,2022-05-01,1,validation,1887.0,2788.4212214011686,477.8980202285153,2175.9702654064586,3400.8721773958787,1851.7583134703102,3725.0841293320273,642.7461619417854,-8.867250488900178
BVAR,2022-04-01,2022-05-01,1,validation,1887.0,2486.5359731751523,510.36243087089554,1832.4802008972042,3140.5917454531004,1486.2439896059116,3486.8279567443933,371.89240098052636,-7.844050142037859
XGBoost,2022-04-01,2022-05-01,1,validation,1887.0,2867.53271484375,12.202140080041827,2851.895043121173,2883.170386566327,2843.616959752556,2891.448469934944,973.6483945135998,-3232.079470152934
MS-VAR,2022-04-01,2022-05-01,1,validation,1887.0,908.3413523841815,521.6332193684776,239.8414834622306,1576.8412213061324,-114.04097071768786,1930.723675486051,696.6258785797497,-8.935859991314052
MS-VECM,2022-04-01,2022-05-01,1,validation,1887.0,1296.106020364711,521.6332193684776,627.60615144276,1964.6058892866617,273.7236972628416,2318.4883434665803,363.6638552285667,-7.817494804747999
Naive,2022-05-01,2022-06-01,1,validation,1854.0,2361.645210710561,521.6332193684776,1693.14534178861,3030.145079632512,1339.2628876086917,3384.02753381243,304.79553330296005,-7.649446979185301
ARIMA,2022-05-01,2022-06-01,1,validation,1854.0,-1127.6750479301827,477.9128025815756,-1740.1449482725993,-515.205147587766,-2064.366928740646,-190.98316711971938,2712.0416228962285,-26.55062801920611
VECM,2022-05-01,2022-06-01,1,validation,1854.0,2788.4212214011686,477.8980202285153,2175.9702654064586,3400.8721773958787,1851.7583134703102,3725.0841293320273,673.937386886303,-8.99988266266511
BVAR,2022-05-01,2022-06-01,1,validation,1854.0,2475.0996729867156,495.5965160324142,1839.9671819867276,3110.2321639867037,1503.7483506996832,3446.450995273748,391.2925637024683,-7.910001591016029
XGBoost,2022-05-01,2022-06-01,1,validation,1854.0,2598.044677734375,12.202140080041827,2582.407006011798,2613.682349456952,2574.128922643181,2621.960432825569,737.1603574042248,-1862.4917392568063
MS-VAR,2022-05-01,2022-06-01,1,validation,1854.0,1576.9310514663557,521.6332193684776,908.4311825444048,2245.4309203883067,554.5487283644864,2599.3133745682253,179.27186464026312,-7.3169669177659635
MS-VECM,2022-05-01,2022-06-01,1,validation,1854.0,1638.35438277484,521.6332193684776,969.854513852889,2306.854251696791,615.9720596729705,2660.7367058767095,156.97032086002605,-7.261354946404337
Naive,2022-06-01,2022-07-01,1,validation,1817.0,2361.645210710561,521.6332193684776,1693.14534178861,3030.145079632512,1339.2628876086917,3384.02753381243,330.20547327569716,-7.720991579811331
ARIMA,2022-06-01,2022-07-01,1,validation,1817.0,-1105.3810496070364,477.9128025815756,-1717.850949949453,-492.91114926461967,-2042.0729304174997,-168.68916879657309,2652.7476246073984,-25.78426615214827
VECM,2022-06-01,2022-07-01,1,validation,1817.0,2788.4212214011686,477.8980202285153,2175.9702654064586,3400.8721773958787,1851.7583134703102,3725.0841293320273,709.2276871673535,-9.154261675669018
BVAR,2022-06-01,2022-07-01,1,validation,1817.0,2458.15077323148,499.5243655838848,1817.9845404895796,3098.31700597338,1479.1010072868735,3437.2005391760863,406.4258130071451,-7.956309941564242
XGBoost,2022-06-01,2022-07-01,1,validation,1817.0,2891.633056640625,12.202140080041827,2875.995384918048,2907.270728363202,2867.717301549431,2915.548811731819,1067.748736310475,-3881.5150090142843
MS-VAR,2022-06-01,2022-07-01,1,validation,1817.0,1847.1344242251628,521.6332193684776,1178.634555303212,2515.6342931471136,824.7521011232934,2869.516747327032,122.59737182166607,-7.177571879479974
MS-VECM,2022-06-01,2022-07-01,1,validation,1817.0,1942.0628232966856,521.6332193684776,1273.5629543747345,2610.5626922186366,919.6805001948162,2964.445146398555,133.8080103162518,-7.20464383911427
Naive,2022-07-01,2022-08-01,1,validation,1717.0,2361.645210710561,521.6332193684776,1693.14534178861,3030.145079632512,1339.2628876086917,3384.02753381243,404.7027823345025,-7.939529820999042
ARIMA,2022-07-01,2022-08-01,1,validation,1717.0,-1128.688411490326,477.9128025815756,-1741.1583118327426,-516.2185111479092,-2065.3802923007893,-191.99653067986264,2576.0549866029714,-24.815861574771766
VECM,2022-07-01,2022-08-01,1,validation,1717.0,2788.4212214011686,477.8980202285153,2175.9702654064586,3400.8721773958787,1851.7583134703102,3725.0841293320273,805.9387275813207,-9.60149526525044
BVAR,2022-07-01,2022-08-01,1,validation,1717.0,2502.4547264747143,502.04628439288354,1859.0565247349641,3145.8529282144646,1518.4620904925364,3486.4473624568923,527.5669797704716,-8.361471302584073
XGBoost,2022-07-01,2022-08-01,1,validation,1717.0,2597.450927734375,12.202140080041827,2581.813256011798,2613.088599456952,2573.535172643181,2621.366682825569,873.5666074042248,-2606.6251463406234
MS-VAR,2022-07-01,2022-08-01,1,validation,1717.0,1772.640249112967,521.6332193684776,1104.140380191016,2441.140118034918,750.2579260110977,2795.022572214836,124.26850662851047,-7.181591989778928
MS-VECM,2022-07-01,2022-08-01,1,validation,1717.0,1884.018574845049,521.6332193684776,1215.518705923098,2552.518443767,861.6362517431796,2906.400897946918,143.05673375844566,-7.227162104142268
Naive,2022-08-01,2022-09-01,1,validation,1779.0,2361.645210710561,521.6332193684776,1693.14534178861,3030.145079632512,1339.2628876086917,3384.02753381243,357.5651256456293,-7.79970684010081
ARIMA,2022-08-01,2022-09-01,1,validation,1779.0,-1155.7420970492021,477.9128025815756,-1768.2119973916188,-543.2721967067854,-2092.4339778596654,-219.0502162387388,2665.1086720399794,-25.94275996134312
VECM,2022-08-01,2022-09-01,1,validation,1779.0,2788.4212214011686,477.8980202285153,2175.9702654064586,3400.8721773958787,1851.7583134703102,3725.0841293320273,745.7732634301931,-9.319052517028421
BVAR,2022-08-01,2022-09-01,1,validation,1779.0,2480.459297017022,503.77882136204045,1834.8407598120841,3126.07783422196,1493.0709509734124,3467.8476430606315,454.80086606993257,-8.110458287914039
XGBoost,2022-08-01,2022-09-01,1,validation,1779.0,2866.920654296875,12.202140080041827,2851.282982574298,2882.558326019452,2843.004899205681,2890.836409388069,1081.036333966725,-3978.011465082049
MS-VAR,2022-08-01,2022-09-01,1,validation,1779.0,1690.6521809447606,521.6332193684776,1022.1523120228097,2359.1520498667114,668.2698578428913,2713.03450404663,127.85831430111597,-7.19024593827557
MS-VECM,2022-08-01,2022-09-01,1,validation,1779.0,1821.1289457945968,521.6332193684776,1152.6290768726458,2489.628814716548,798.7466226927274,2843.5112688964664,123.25972586024126,-7.179164603989921
Naive,2022-09-01,2022-10-01,1,validation,1705.0,2361.645210710561,521.6332193684776,1693.14534178861,3030.145079632512,1339.2628876086917,3384.02753381243,414.15531047751335,-7.9682240791734555
ARIMA,2022-09-01,2022-10-01,1,validation,1705.0,-1207.2113382784137,477.9128025815756,-1819.6812386208303,-594.7414379359969,-2143.903219088877,-270.51945746795036,2642.5779132879484,-25.654371335479055
VECM,2022-09-01,2022-10-01,1,validation,1705.0,2788.4212214011686,477.8980202285153,2175.9702654064586,3400.8721773958787,1851.7583134703102,3725.0841293320273,817.6486965562408,-9.658105676341462
BVAR,2022-09-01,2022-10-01,1,validation,1705.0,2480.5597221112303,513.279038323693,1822.7661669860695,3138.353277236391,1474.5512929774654,3486.568151244995,515.3123649958253,-8.301304226070927
XGBoost,2022-09-01,2022-10-01,1,validation,1705.0,2888.440673828125,12.202140080041827,2872.803002105548,2904.078345550702,2864.524918736931,2912.356428919319,1176.5563534979747,-4706.593773593809
MS-VAR,2022-09-01,2022-10-01,1,validation,1705.0,1759.9187847515416,521.6332193684776,1091.4189158295908,2428.4186536734924,737.5364616496722,2782.301107853411,124.20761726536972,-7.181445418580035
MS-VECM,2022-09-01,2022-10-01,1,validation,1705.0,1840.0414015682873,521.6332193684776,1171.5415326463362,2508.5412704902383,817.6590784664179,2862.423724670157,135.77260548017088,-7.209413149610285
Naive,2022-10-01,2022-11-01,1,validation,1806.0,2361.645210710561,521.6332193684776,1693.14534178861,3030.145079632512,1339.2628876086917,3384.02753381243,337.9979723212934,-7.743231823411906
ARIMA,2022-10-01,2022-11-01,1,validation,1806.0,-1217.3449738798445,477.9128025815756,-1829.814874222261,-604.8750735374277,-2154.036854690308,-280.65309306938116,2753.711548833975,-27.098412675385248
VECM,2022-10-01,2022-11-01,1,validation,1806.0,2788.4212214011686,477.8980202285153,2175.9702654064586,3400.8721773958787,1851.7583134703102,3725.0841293320273,719.7773698820422,-9.201314074128565
BVAR,2022-10-01,2022-11-01,1,validation,1806.0,2481.4268449230913,498.6243330364095,1842.4140503014492,3120.4396395447334,1504.14111035645,3458.7125794897324,434.49049278778926,-8.048235797817988
XGBoost,2022-10-01,2022-11-01,1,validation,1806.0,2981.322021484375,12.202140080041827,2965.684349761798,2996.959693206952,2957.406266393181,3005.237776575569,1168.437701154225,-4642.285598328277
MS-VAR,2022-10-01,2022-11-01,1,validation,1806.0,1659.3161858664273,521.6332193684776,990.8163169444764,2327.816054788378,636.933862764558,2681.6985089682967,138.25089163720247,-7.215440247255972
MS-VECM,2022-10-01,2022-11-01,1,validation,1806.0,1837.9340048321455,521.6332193684776,1169.4341359101945,2506.4338737540966,815.5516817302762,2860.316327934015,122.68274705688422,-7.177777128730721
Naive,2022-11-01,2022-12-01,1,validation,1898.0,2361.645210710561,521.6332193684776,1693.14534178861,3030.145079632512,1339.2628876086917,3384.02753381243,276.28319677733316,-7.5709159471640985
ARIMA,2022-11-01,2022-12-01,1,validation,1898.0,-1183.363876892714,477.9128025815756,-1795.8337772351306,-570.8939765502972,-2120.0557577031773,-246.67199608225064,2811.7304518384626,-27.873779373304984
VECM,2022-11-01,2022-12-01,1,validation,1898.0,2788.4212214011686,477.8980202285153,2175.9702654064586,3400.8721773958787,1851.7583134703102,3725.0841293320273,632.4153743374469,-8.824099371518091
BVAR,2022-11-01,2022-12-01,1,validation,1898.0,2474.984034444093,507.54810103102886,1824.5349709783864,3125.4330979098,1480.2080360016073,3469.760032886579,355.36501075548705,-7.794694650446054
XGBoost,2022-11-01,2022-12-01,1,validation,1898.0,2923.34765625,12.202140080041827,2907.709984527423,2938.985327972577,2899.431901158806,2947.263411341194,1018.4633359198497,-3533.9535699858243
MS-VAR,2022-11-01,2022-12-01,1,validation,1898.0,1780.683187649251,521.6332193684776,1112.1833187273,2449.183056571202,758.3008645473817,2803.06551075112,132.38495618686343,-7.201193881518507
MS-VECM,2022-11-01,2022-12-01,1,validation,1898.0,1870.3663680496709,521.6332193684776,1201.86649912772,2538.8662369716217,847.9840449478015,2892.7486911515402,122.48694120818323,-7.177306415931191
Naive,2022-12-01,2023-01-01,1,test,2121.0,2361.645210710561,521.6332193684776,1693.14534178861,3030.145079632512,1339.2628876086917,3384.02753381243,165.42331272634135,-7.282316053076547
ARIMA,2022-12-01,2023-01-01,1,test,2121.0,-1192.9713378674223,477.9128025815756,-1805.441238209839,-580.5014375250056,-2129.6632186778857,-256.279457056959,3044.337912806968,-31.13034345656093
VECM,2022-12-01,2023-01-01,1,test,2121.0,2788.4212214011686,477.8980202285153,2175.9702654064586,3400.8721773958787,1851.7583134703102,3725.0841293320273,433.10840506990627,-8.063549081191978
BVAR,2022-12-01,2023-01-01,1,test,2121.0,2485.795859763594,511.858816837285,1829.8223917077598,3141.769327819428,1482.5710135932586,3489.020705933929,219.1613340476652,-7.410949775451558
XGBoost,2022-12-01,2023-01-01,1,test,2121.0,2977.48828125,12.202140080041827,2961.850609527423,2993.125952972577,2953.572526158806,3001.404036341194,849.6039609198499,-2466.8540437213182
MS-VAR,2022-12-01,2023-01-01,1,test,2121.0,1931.8841437328424,521.6332193684776,1263.3842748108914,2600.3840126547934,909.501820630973,2954.2664668347115,148.96006199299626,-7.241622904570004
MS-VECM,2022-12-01,2023-01-01,1,test,2121.0,1929.9723748921174,521.6332193684776,1261.4725059701664,2598.4722438140684,907.590051790248,2952.3546979939865,149.5038154422434,-7.2429583386312455
Naive,2023-01-01,2023-02-01,1,test,2219.0,2121.0,506.34397213889366,1472.094089801127,2769.9059101988732,1128.584050818843,3113.415949181157,125.8733816912036,-7.164884460366109
ARIMA,2023-01-01,2023-02-01,1,test,2219.0,2211.955486617173,475.6772951392096,1602.350504337308,2821.560468897038,1279.6451198809182,3144.2658533534277,111.20501412576614,-7.083787865860996
VECM,2023-01-01,2023-02-01,1,test,2219.0,2012.9745716757523,472.19176087547254,1407.83648128834,2618.1126620631644,1087.495726563302,2938.4534167882025,145.65245281177104,-7.17151009704685
BVAR,2023-01-01,2023-02-01,1,test,2219.0,2073.7698063913576,501.92641503487647,1430.525223415022,2717.014389367693,1090.0121100337233,3057.527502748992,133.94591402095995,-7.17925249315617
XGBoost,2023-01-01,2023-02-01,1,test,2219.0,2161.94775390625,14.43762179645128,2143.4451970902614,2180.4503107222386,2133.6505351627957,2190.2449726497043,48.90694372056987,-11.396494983176474
MS-VAR,2023-01-01,2023-02-01,1,test,2219.0,1994.887207788612,506.34397213889366,1345.981297589739,2643.793117987485,1002.4712586074551,2987.3031569697687,157.26931455644805,-7.244106465391298
MS-VECM,2023-01-01,2023-02-01,1,test,2219.0,1926.753547418841,506.34397213889366,1277.847637219968,2575.659457617714,934.3375982376841,2919.1694965999977,183.81435943085665,-7.3127172513267045
Naive,2023-02-01,2023-03-01,1,test,2694.0,2121.0,506.34397213889366,1472.094089801127,2769.9059101988732,1128.584050818843,3113.415949181157,352.5780740320135,-7.78646133107874
ARIMA,2023-02-01,2023-03-01,1,test,2694.0,2167.0066030250987,475.6772951392096,1557.4016207452337,2776.6115853049637,1234.696236288844,3099.3169697613534,322.89202115874133,-7.697377335401778
VECM,2023-02-01,2023-03-01,1,test,2694.0,2012.9745716757523,472.19176087547254,1407.83648128834,2618.1126620631644,1087.495726563302,2938.4534167882025,446.1489866089777,-8.116387197352825
BVAR,2023-02-01,2023-03-01,1,test,2694.0,2047.3132033070451,512.0597083381317,1391.0822824337963,2703.5441241802937,1043.6946170302501,3050.9317895838403,408.2133126804741,-7.95485422993154
XGBoost,2023-02-01,2023-03-01,1,test,2694.0,2063.621337890625,14.43762179645128,2045.1187810746362,2082.1238947066136,2035.324119147171,2091.9185566340793,622.2331062806152,-956.7836335289721
MS-VAR,2023-02-01,2023-03-01,1,test,2694.0,2503.9871813998852,506.34397213889366,1855.0812712010122,3152.8930915987585,1511.5712322187283,3496.403130581042,146.44742547031976,-7.216566407536141
MS-VECM,2023-02-01,2023-03-01,1,test,2694.0,2479.982987308623,506.34397213889366,1831.0770771097498,3128.888897507496,1487.5670381274658,3472.3989364897798,153.8900634940861,-7.235480228675454
Naive,2023-03-01,2023-04-01,1,test,2761.0,2121.0,506.34397213889366,1472.094089801127,2769.9059101988732,1128.584050818843,3113.415949181157,404.07865976659195,-7.944955876093051
ARIMA,2023-03-01,2023-04-01,1,test,2761.0,2345.0370686677015,475.6772951392096,1735.4320863878365,2954.6420509475665,1412.7267019314468,3277.3474354039563,247.69099654905045,-7.466022329806537
VECM,2023-03-01,2023-04-01,1,test,2761.0,2012.9745716757523,472.19176087547254,1407.83648128834,2618.1126620631644,1087.495726563302,2938.4534167882025,504.4022894501003,-8.331098883139518
BVAR,2023-03-01,2023-04-01,1,test,2761.0,2062.9960183867383,492.6501727005355,1431.6394182963525,2694.3526184771245,1097.4194229162777,3028.572613857199,454.86614072154293,-8.122448500868806
XGBoost,2023-03-01,2023-04-01,1,test,2761.0,2190.790283203125,14.43762179645128,2172.2877263871364,2209.2928400191136,2162.4930644596707,2219.0875019465793,562.0641609681152,-783.504919358447
MS-VAR,2023-03-01,2023-04-01,1,test,2761.0,2944.770925865507,506.34397213889366,2295.8650156666336,3593.67683606438,1952.3549766843498,3937.1868750466638,144.65009975341601,-7.212016365306573
MS-VECM,2023-03-01,2023-04-01,1,test,2761.0,2312.8420248998136,506.34397213889366,1663.9361147009406,2961.747935098687,1320.4260757186566,3305.2579740809706,266.9994116430014,-7.53784339685445
Naive,2023-04-01,2023-05-01,1,test,3491.0,2121.0,506.34397213889366,1472.094089801127,2769.9059101988732,1128.584050818843,3113.415949181157,1085.3796834827292,-10.806481462089266
ARIMA,2023-04-01,2023-05-01,1,test,3491.0,2365.4521706082824,475.6772951392096,1755.8471883284174,2975.0571528881474,1433.1418038720276,3297.762537344537,860.039892162531,-9.883130488828499
VECM,2023-04-01,2023-05-01,1,test,3491.0,2012.9745716757523,472.19176087547254,1407.83648128834,2618.1126620631644,1087.495726563302,2938.4534167882025,1211.8457611030208,-11.975206018938536
BVAR,2023-04-01,2023-05-01,1,test,3491.0,2035.497942507141,479.68462604434853,1420.7573590321383,2650.238525982144,1095.3333515226798,2975.6625334916025,1185.1934228066857,-11.695523988116337
XGBoost,2023-04-01,2023-05-01,1,test,3491.0,1899.3800048828125,14.43762179645128,1880.8774480668237,1917.8825616988013,1871.0827861393584,1927.6772236262666,1583.4744392884277,-6080.144085456334
MS-VAR,2023-04-01,2023-05-01,1,test,3491.0,2618.8837888616185,506.34397213889366,1969.9778786627455,3267.7896990604913,1626.4678396804616,3611.2997380427755,603.9756685847063,-8.629449423126006
MS-VECM,2023-04-01,2023-05-01,1,test,3491.0,2549.1452168202727,506.34397213889366,1900.2393066213997,3198.0511270191455,1556.7292676391157,3541.5611660014297,668.5898152855808,-8.87615678248513
Naive,2023-05-01,2023-06-01,1,test,3724.0,2121.0,506.34397213889366,1472.094089801127,2769.9059101988732,1128.584050818843,3113.415949181157,1317.53862952553,-12.157401197078602
ARIMA,2023-05-01,2023-06-01,1,test,3724.0,2438.7073547839873,475.6772951392096,1829.1023725041223,3048.3123370638523,1506.3969880477325,3371.017721520242,1017.9222151343168,-10.734151743034417
VECM,2023-05-01,2023-06-01,1,test,3724.0,2012.9745716757523,472.19176087547254,1407.83648128834,2618.1126620631644,1087.495726563302,2938.4534167882025,1444.6531825636648,-13.641495913872696
BVAR,2023-05-01,2023-06-01,1,test,3724.0,2027.8406333345256,496.8995308256019,1391.0382616863994,2664.6430049826517,1053.9354489815223,3001.745817687529,1415.895372099465,-12.953268176582498
XGBoost,2023-05-01,2023-06-01,1,test,3724.0,2632.61083984375,14.43762179645128,2614.1082830277614,2651.1133966597386,2604.3136211002957,2660.9080585872043,1083.24360432749,-2860.7710977395445
MS-VAR,2023-05-01,2023-06-01,1,test,3724.0,3785.700487378651,506.34397213889366,3136.7945771797777,4434.606397577524,2793.284538197494,4778.116436559808,121.32579207558071,-7.153579065089219
MS-VECM,2023-05-01,2023-06-01,1,test,3724.0,3563.7776982868963,506.34397213889366,2914.871788088023,4212.68360848577,2571.3617491057394,4556.193647468053,138.38894662591062,-7.196218654966646
Naive,2023-06-01,2023-07-01,1,test,3765.0,2121.0,506.34397213889366,1472.094089801127,2769.9059101988732,1128.584050818843,3113.415949181157,1358.483347178922,-12.41702521172245
ARIMA,2023-06-01,2023-07-01,1,test,3765.0,2383.896118558382,475.6772951392096,1774.2911362785171,2993.501100838247,1451.5857518221273,3316.206485294637,1113.240759736129,-11.298680849290498
VECM,2023-06-01,2023-07-01,1,test,3765.0,2012.9745716757523,472.19176087547254,1407.83648128834,2618.1126620631644,1087.495726563302,2938.4534167882025,1485.6430923417788,-13.959898011795035
BVAR,2023-06-01,2023-07-01,1,test,3765.0,2074.452840824525,484.35999776903367,1453.7205273962472,2695.185154252803,1125.1246896453445,3023.7809920037057,1417.3350263409443,-13.192759223161477
XGBoost,2023-06-01,2023-07-01,1,test,3765.0,2973.01904296875,14.43762179645128,2954.5164861527614,2991.5215997847386,2944.7218242252957,3001.3162617122043,783.8354012024902,-1508.1440965176864
MS-VAR,2023-06-01,2023-07-01,1,test,3765.0,3468.6976673220724,506.34397213889366,2819.791757123199,4117.603577520946,2476.2817181409155,4461.113616503229,185.594391535176,-7.317372536510794
MS-VECM,2023-06-01,2023-07-01,1,test,3765.0,3545.0439106748872,506.34397213889366,2896.138000476014,4193.9498208737605,2552.6279614937303,4537.459859856044,155.86027809931474,-7.240506668151217
Naive,2023-07-01,2023-08-01,1,test,3600.0,2121.0,506.34397213889366,1472.094089801127,2769.9059101988732,1128.584050818843,3113.415949181157,1193.8360820634507,-11.412097912031918
ARIMA,2023-07-01,2023-08-01,1,test,3600.0,2314.4629011907764,475.6772951392096,1704.8579189109114,2924.0678834706414,1382.1525344545216,3246.773267927031,1018.164985098322,-10.735540463708587
VECM,2023-07-01,2023-08-01,1,test,3600.0,2012.9745716757523,472.19176087547254,1407.83648128834,2618.1126620631644,1087.495726563302,2938.4534167882025,1320.7147662691964,-12.724405343745588
BVAR,2023-07-01,2023-08-01,1,test,3600.0,2036.0496609206664,488.38986231939344,1410.1528682689407,2661.946453572392,1078.8231203602058,2993.276201481127,1288.5851013909385,-12.237280637084952
XGBoost,2023-07-01,2023-08-01,1,test,3600.0,3160.0205078125,14.43762179645128,3141.5179509965114,3178.5230646284886,3131.7232890690457,3188.3177265559543,431.8339363587402,-467.93674527222566
MS-VAR,2023-07-01,2023-08-01,1,test,3600.0,3389.855338269561,506.34397213889366,2740.9494280706876,4038.761248468434,2397.439389088404,4382.271287450718,152.6328200464286,-7.232277022800351
MS-VECM,2023-07-01,2023-08-01,1,test,3600.0,3482.1453628452978,506.34397213889366,2833.239452646425,4131.051273044171,2489.729413664141,4474.561312026454,129.22443115582922,-7.173242454337557
Naive,2023-08-01,2023-09-01,1,test,3540.0,2121.0,506.34397213889366,1472.094089801127,2769.9059101988732,1128.584050818843,3113.415949181157,1134.0902795315828,-11.07299747661106
ARIMA,2023-08-01,2023-09-01,1,test,3540.0,2330.3817394871526,475.6772951392096,1720.7767572072876,2939.9867217670176,1398.0713727508978,3262.6921062234073,942.9138437971129,-10.316947132135242
VECM,2023-08-01,2023-09-01,1,test,3540.0,2012.9745716757523,472.19176087547254,1407.83648128834,2618.1126620631644,1087.495726563302,2938.4534167882025,1260.7737530190102,-12.3054090844113
BVAR,2023-08-01,2023-09-01,1,test,3540.0,2026.2458586463515,495.9767368299086,1390.6260950880817,2661.865622204621,1054.1493172900568,2998.342400002646,1234.2440429312805,-11.783023490354047
XGBoost,2023-08-01,2023-09-01,1,test,3540.0,2736.803466796875,14.43762179645128,2718.3009099808864,2755.3060236128636,2708.5062480534207,2765.1006855403293,795.0509773743651,-1551.0591130604348
MS-VAR,2023-08-01,2023-09-01,1,test,3540.0,3834.6720479372534,506.34397213889366,3185.76613773838,4483.577958136127,2842.2560987560964,4827.08799711841,184.87626613168322,-7.315493605502665
MS-VECM,2023-08-01,2023-09-01,1,test,3540.0,3632.708136842475,506.34397213889366,2983.802226643602,4281.614047041348,2640.292187661318,4625.124086023632,125.08292438182744,-7.162916317844327
Naive,2023-09-01,2023-10-01,1,test,3569.0,2121.0,506.34397213889366,1472.094089801127,2769.9059101988732,1128.584050818843,3113.415949181157,1162.9555665794467,-11.235142792358683
ARIMA,2023-09-01,2023-10-01,1,test,3569.0,2332.340128600912,475.6772951392096,1722.735146321047,2941.945110880777,1400.0297618646573,3264.650495337167,969.6812245293988,-10.463125649258387
VECM,2023-09-01,2023-10-01,1,test,3569.0,2012.9745716757523,472.19176087547254,1407.83648128834,2618.1126620631644,1087.495726563302,2938.4534167882025,1289.7419157499892,-12.505907932141735
BVAR,2023-09-01,2023-10-01,1,test,3569.0,2042.2475479853883,493.380810464335,1409.9545979249588,2674.540498045818,1075.2389288121358,3009.256167158641,1248.6609698245345,-11.908094238518878
XGBoost,2023-09-01,2023-10-01,1,test,3569.0,2796.834716796875,14.43762179645128,2778.3321599808864,2815.3372736128636,2768.5374980534207,2825.1319355403293,764.0197273743651,-1433.796851093179
MS-VAR,2023-09-01,2023-10-01,1,test,3569.0,3486.0775395409723,506.34397213889366,2837.1716293420995,4134.983449739845,2493.6615903598154,4478.493488722129,123.73559107750064,-7.159564582310804
MS-VECM,2023-09-01,2023-10-01,1,test,3569.0,3352.439311743828,506.34397213889366,2703.5334015449553,4001.345221942701,2360.023362562671,4344.855260924985,154.72768754962817,-7.23761618303464
Naive,2023-10-01,2023-11-01,1,test,3571.0,2121.0,506.34397213889366,1472.094089801127,2769.9059101988732,1128.584050818843,3113.415949181157,1164.9471378370945,-11.246446140206043
ARIMA,2023-10-01,2023-11-01,1,test,3571.0,2357.452967115087,475.6772951392096,1747.8479848352222,2967.057949394952,1425.1426003788324,3289.763333851342,946.7999321438649,-10.33798419316262
VECM,2023-10-01,2023-11-01,1,test,3571.0,2012.9745716757523,472.19176087547254,1407.83648128834,2618.1126620631644,1087.495726563302,2938.4534167882025,1291.7399649525594,-12.519874474119543
BVAR,2023-10-01,2023-11-01,1,test,3571.0,2020.2790468927271,480.1856127234225,1404.8964231548398,2635.6616706306145,1079.1325400605465,2961.425553724908,1279.9644897054895,-12.307687564163274
XGBoost,2023-10-01,2023-11-01,1,test,3571.0,2724.619140625,14.43762179645128,2706.1165838090114,2743.1216974409886,2696.3219218815457,2752.9163593684543,838.2353035462401,-1721.9337189147122
MS-VAR,2023-10-01,2023-11-01,1,test,3571.0,3283.737618464526,506.34397213889366,2634.831708265653,3932.6435286633987,2291.321669283369,4276.153567645682,181.6570284582693,-7.307084468579773
MS-VECM,2023-10-01,2023-11-01,1,test,3571.0,3196.5804458469684,506.34397213889366,2547.674535648095,3845.4863560458416,2204.1644966658114,4188.996395028125,224.0134271461076,-7.4195530267252225
Naive,2023-11-01,2023-12-01,1,test,4392.0,2121.0,506.34397213889366,1472.094089801127,2769.9059101988732,1128.584050818843,3113.415949181157,1985.3267464004568,-17.20418609468629
ARIMA,2023-11-01,2023-12-01,1,test,4392.0,2318.1505929229816,475.6772951392096,1708.5456106431166,2927.7555752028466,1385.8402261867268,3250.4609596592363,1805.4785110331081,-16.587528647378534
VECM,2023-11-01,2023-12-01,1,test,4392.0,2012.9745716757523,472.19176087547254,1407.83648128834,2618.1126620631644,1087.495726563302,2938.4534167882025,2112.619794662402,-19.768361674859992
BVAR,2023-11-01,2023-12-01,1,test,4392.0,2052.5411408175614,488.3995130644652,1426.6319802383803,2678.4503013967424,1095.2956851443364,3009.7865964907865,2063.9090939872103,-18.58236934754545
XGBoost,2023-11-01,2023-12-01,1,test,4392.0,2749.744140625,14.43762179645128,2731.2415838090114,2768.2466974409886,2721.4469218815457,2778.0413593684543,1634.11030354624,-6472.933932121903
MS-VAR,2023-11-01,2023-12-01,1,test,4392.0,3768.839832406421,506.34397213889366,3119.9339222075478,4417.745742605294,2776.423883225264,4761.255781587578,390.8138618752097,-7.903472422703047
MS-VECM,2023-11-01,2023-12-01,1,test,4392.0,3825.8220157657875,506.34397213889366,3176.9161055669147,4474.72792596466,2833.4060665846305,4818.237964946944,347.5341037881675,-7.771305386174197
Naive,2023-12-01,2024-01-01,1,test,4496.0,2121.0,506.34397213889366,1472.094089801127,2769.9059101988732,1128.584050818843,3113.415949181157,2089.3262699058705,-18.146490585072712
ARIMA,2023-12-01,2024-01-01,1,test,4496.0,2346.723174837064,475.6772951392096,1737.118192557199,2956.328157116929,1414.4128081008093,3279.033541573319,1880.9052411176167,-17.291424594365235
VECM,2023-12-01,2024-01-01,1,test,4496.0,2012.9745716757523,472.19176087547254,1407.83648128834,2618.1126620631644,1087.495726563302,2938.4534167882025,2216.619766909918,-20.902291114906753
BVAR,2023-12-01,2024-01-01,1,test,4496.0,2050.8120056382645,505.5940303158193,1402.8671845568201,2698.756826719709,1059.8659154208337,3041.7580958556955,2159.9372330469914,-18.839414400591576
XGBoost,2023-12-01,2024-01-01,1,test,4496.0,3642.603759765625,14.43762179645128,3624.1012029496364,3661.1063165816136,3614.3065410221707,3670.9009785090793,845.2506844056151,-1750.5373988468573
MS-VAR,2023-12-01,2024-01-01,1,test,4496.0,4103.475995308419,506.34397213889366,3454.570085109546,4752.381905507293,3111.0600461272625,5095.891944489576,233.99126667722,-7.446631705414381
MS-VECM,2023-12-01,2024-01-01,1,test,4496.0,3980.2078247005848,506.34397213889366,3331.3019145017115,4629.113734899458,2987.791875519428,4972.623773881742,311.53511562581645,-7.6649885033900915
Naive,2024-01-01,2024-02-01,1,test,4520.0,4496.0,498.79121666284635,3856.773335405634,5135.226664594366,3518.3871795359332,5473.612820464066,117.02561163019784,-7.132283728257724
ARIMA,2024-01-01,2024-02-01,1,test,4520.0,4569.856901897189,468.76508251426,3969.1102765282085,5170.60352726617,3651.0942229593184,5488.61958083506,111.66152142559567,-7.074696294737712
VECM,2024-01-01,2024-02-01,1,test,4520.0,4593.171607989273,466.47846116697,3995.35540578772,5190.987810190826,3678.890624538371,5507.452591440176,113.58323583372977,-7.076452842688336
BVAR,2024-01-01,2024-02-01,1,test,4520.0,4501.842653886244,485.144172448996,3880.1053801691996,5123.5799276032885,3550.9775485767486,5452.7077591957395,113.64683591961257,-7.1040850217413505
XGBoost,2024-01-01,2024-02-01,1,test,4520.0,4302.4736328125,17.57597385989684,4279.949115996371,4324.998149628629,4268.025357053885,4336.921908571115,207.61018581503856,-80.37246506328653
MS-VAR,2024-01-01,2024-02-01,1,test,4520.0,4517.032981097839,498.79121666284635,3877.806316503473,5156.259645692206,3539.4201606337724,5494.645801561906,116.57204305924691,-7.131143829761103
MS-VECM,2024-01-01,2024-02-01,1,test,4520.0,4406.46863726827,498.79121666284635,3767.241972673904,5045.695301862636,3428.855816804203,5384.081457732336,126.82986656627213,-7.157029975678703
Naive,2024-02-01,2024-03-01,1,test,4960.0,4496.0,498.79121666284635,3856.773335405634,5135.226664594366,3518.3871795359332,5473.612820464066,277.3417180864881,-7.563807682020033
ARIMA,2024-02-01,2024-03-01,1,test,4960.0,4584.640460733495,468.76508251426,3983.8938353645144,5185.387086102476,3665.8777817956243,5503.403139671366,223.43796175783342,-7.389633562671241
VECM,2024-02-01,2024-03-01,1,test,4960.0,4593.171607989273,466.47846116697,3995.35540578772,5190.987810190826,3678.890624538371,5507.452591440176,218.511904884605,-7.37334554838823
BVAR,2024-02-01,2024-03-01,1,test,4960.0,4478.664426617939,476.85292281615085,3867.552816848192,5089.776036387686,3544.049871975651,5413.278981260228,290.34633212087346,-7.5955913120424405
XGBoost,2024-02-01,2024-03-01,1,test,4960.0,3988.506591796875,17.57597385989684,3965.9820749807463,4011.0311086130037,3954.0583160382607,4022.9548675554893,961.5772268306636,-1531.3899559461017
MS-VAR,2024-02-01,2024-03-01,1,test,4960.0,4775.806920794457,498.79121666284635,4136.580256200091,5415.033585388824,3798.1941003303905,5753.419741258524,143.39627236303755,-7.199309596381037
MS-VECM,2024-02-01,2024-03-01,1,test,4960.0,4704.213066902483,498.79121666284635,4064.986402308117,5343.439731496849,3726.600246438416,5681.825887366549,167.77734322613682,-7.262615046107745
Naive,2024-03-01,2024-04-01,1,test,5471.0,4496.0,498.79121666284635,3856.773335405634,5135.226664594366,3518.3871795359332,5473.612820464066,703.1419031962686,-9.041602379281981
ARIMA,2024-03-01,2024-04-01,1,test,5471.0,4633.870664709539,468.76508251426,4033.124039340558,5234.6172900785195,3715.1079857716677,5552.63334364741,586.5260549903827,-8.663614062642399
VECM,2024-03-01,2024-04-01,1,test,5471.0,4593.171607989273,466.47846116697,3995.35540578772,5190.987810190826,3678.890624538371,5507.452591440176,625.4567554465796,-8.834773210757266
BVAR,2024-03-01,2024-04-01,1,test,5471.0,4498.378820038803,487.31292593122697,3873.862176901324,5122.895463176281,3543.263036012789,5453.4946040648165,706.0513555432016,-9.099626017490726
XGBoost,2024-03-01,2024-04-01,1,test,5471.0,4768.9609375,17.57597385989684,4746.436420683871,4791.485454316129,4734.512661741385,4803.409213258615,692.1228811275384,-801.5115015641545
MS-VAR,2024-03-01,2024-04-01,1,test,5471.0,4883.668286663014,498.79121666284635,4244.441622068648,5522.894951257381,3906.0554661989477,5861.281107127081,364.5167281558139,-7.824391198037269
MS-VECM,2024-03-01,2024-04-01,1,test,5471.0,4734.250619138436,498.79121666284635,4095.0239545440704,5373.477283732803,3756.6377986743696,5711.863439602503,486.1350278853233,-8.221993552017462
Naive,2024-04-01,2024-05-01,1,test,5410.0,4496.0,498.79121666284635,3856.773335405634,5135.226664594366,3518.3871795359332,5473.612820464066,645.7065826787926,-8.810026030231697
ARIMA,2024-04-01,2024-05-01,1,test,5410.0,4675.224336590243,468.76508251426,4074.4777112212623,5275.970961959224,3756.461657652372,5593.987015528114,493.8205100329491,-8.297522923012366
VECM,2024-04-01,2024-05-01,1,test,5410.0,4593.171607989273,466.47846116697,3995.35540578772,5190.987810190826,3678.890624538371,5507.452591440176,568.6963251350269,-8.597243247066672
BVAR,2024-04-01,2024-05-01,1,test,5410.0,4480.324399115337,468.7764117668882,3879.5632547249133,5081.08554350576,3561.539515250343,5399.109282980331,673.523086233908,-9.035598048085381
XGBoost,2024-04-01,2024-05-01,1,test,5410.0,5473.51806640625,17.57597385989684,5450.993549590121,5496.042583222379,5439.069790647635,5507.966342164865,53.60317949241604,-10.315660310028175
MS-VAR,2024-04-01,2024-05-01,1,test,5410.0,5227.00230047568,498.79121666284635,4587.775635881314,5866.228965070047,4249.389480011614,6204.615120939747,143.05297495329214,-7.198427471553506
MS-VECM,2024-04-01,2024-05-01,1,test,5410.0,5077.51458899703,498.79121666284635,4438.2879244026635,5716.741253591396,4099.901768532964,6055.127409461096,201.84819522622394,-7.353292138741121
Naive,2024-05-01,2024-06-01,1,test,5654.0,4496.0,498.79121666284635,3856.773335405634,5135.226664594366,3518.3871795359332,5473.612820464066,880.0152546468569,-9.826068794090226
ARIMA,2024-05-01,2024-06-01,1,test,5654.0,4633.647801832398,468.76508251426,4032.901176463417,5234.394427201379,3714.885122894527,5552.410480770269,760.7748005336808,-9.43801106851931
VECM,2024-05-01,2024-06-01,1,test,5654.0,4593.171607989273,466.47846116697,3995.35540578772,5190.987810190826,3678.890624538371,5507.452591440176,801.3302279232302,-9.649963188797052
BVAR,2024-05-01,2024-06-01,1,test,5654.0,4510.48613874997,482.9762479978122,3891.527172007324,5129.445105492617,3563.870087285999,5457.102190213942,873.9194094715973,-9.901765483869157
XGBoost,2024-05-01,2024-06-01,1,test,5654.0,5265.5283203125,17.57597385989684,5243.003803496371,5288.052837128629,5231.080044553885,5299.976596071115,378.5554983150386,-248.04411164894867
MS-VAR,2024-05-01,2024-06-01,1,test,5654.0,5584.678895918423,498.79121666284635,4945.452231324057,6223.90556051279,4607.066075454357,6562.2917163824895,120.40228997839613,-7.140783607571191
MS-VECM,2024-05-01,2024-06-01,1,test,5654.0,5503.965832651321,498.79121666284635,4864.739168056954,6143.192497245687,4526.353012187254,6481.578653115388,134.4345601532528,-7.176365112734562
Naive,2024-06-01,2024-07-01,1,test,5652.0,4496.0,498.79121666284635,3856.773335405634,5135.226664594366,3518.3871795359332,5473.612820464066,878.055980921091,-9.816767877277577
ARIMA,2024-06-01,2024-07-01,1,test,5652.0,4612.0264721870735,468.76508251426,4011.2798468180927,5212.773097556054,3693.2637932492025,5530.7891511249445,779.8469485556266,-9.529997509289522
VECM,2024-06-01,2024-07-01,1,test,5652.0,4593.171607989273,466.47846116697,3995.35540578772,5190.987810190826,3678.890624538371,5507.452591440176,799.376405633154,-9.640222215475234
BVAR,2024-06-01,2024-07-01,1,test,5652.0,4506.333672102253,475.78956888167437,3896.584805231963,5116.082538972543,3573.803252874358,5438.864091330149,879.7583718807624,-9.982969306037518
XGBoost,2024-06-01,2024-07-01,1,test,5652.0,5553.05908203125,17.57597385989684,5530.534565215121,5575.583598847379,5518.610806272635,5587.507357789865,89.02473664477738,-19.63013702715851
MS-VAR,2024-06-01,2024-07-01,1,test,5652.0,5622.543217316138,498.79121666284635,4983.316552721772,6261.769881910504,4644.930396852071,6600.156037780205,117.2588083554483,-7.132869963448888
MS-VECM,2024-06-01,2024-07-01,1,test,5652.0,5489.8296229635625,498.79121666284635,4850.602958369196,6129.056287557929,4512.216802499495,6467.44244342763,137.41623042112963,-7.183979846112829
Naive,2024-07-01,2024-08-01,1,test,5959.0,4496.0,498.79121666284635,3856.773335405634,5135.226664594366,3518.3871795359332,5473.612820464066,1182.0689132529744,-11.432637377628598
ARIMA,2024-07-01,2024-08-01,1,test,5959.0,4651.959251907817,468.76508251426,4051.212626538836,5252.705877276798,3733.196572969946,5570.721930845688,1043.3103886490906,-10.956248020116904
VECM,2024-07-01,2024-08-01,1,test,5959.0,4593.171607989273,466.47846116697,3995.35540578772,5190.987810190826,3678.890624538371,5507.452591440176,1103.1047248772943,-11.35061344209003
BVAR,2024-07-01,2024-08-01,1,test,5959.0,4516.035608075352,481.57891385101163,3898.867397096127,5133.203819054576,3572.1582812134775,5459.912934937226,1171.6352741972025,-11.584974547666818
XGBoost,2024-07-01,2024-08-01,1,test,5959.0,5561.2490234375,17.57597385989684,5538.724506621371,5583.773540253629,5526.800747678885,5595.697299196115,387.83479519003856,-259.85253275423656
MS-VAR,2024-07-01,2024-08-01,1,test,5959.0,5562.056439446242,498.79121666284635,4922.829774851875,6201.283104040608,4584.443618982175,6539.669259910308,236.33527007478148,-7.447783749481567
MS-VECM,2024-07-01,2024-08-01,1,test,5959.0,5361.59493342435,498.79121666284635,4722.368268829983,6000.821598018716,4383.982112960282,6339.207753888417,372.2228802399521,-7.848375569650352
Naive,2024-08-01,2024-09-01,1,test,5994.0,4496.0,498.79121666284635,3856.773335405634,5135.226664594366,3518.3871795359332,5473.612820464066,1216.96384672882,-11.640913201716511
ARIMA,2024-08-01,2024-09-01,1,test,5994.0,4644.37928483997,468.76508251426,4043.632659470989,5245.125910208951,3725.616605902099,5563.141963777841,1085.6938026916825,-11.21364356924633
VECM,2024-08-01,2024-09-01,1,test,5994.0,4593.171607989273,466.47846116697,3995.35540578772,5190.987810190826,3678.890624538371,5507.452591440176,1137.9987002815944,-11.57311350777113
BVAR,2024-08-01,2024-09-01,1,test,5994.0,4492.904581300875,473.44062915591815,3886.1660018134985,5099.643160788251,3564.977999337317,5420.831163264433,1234.1804859387964,-12.105347768130759
XGBoost,2024-08-01,2024-09-01,1,test,5994.0,5845.6826171875,17.57597385989684,5823.158100371371,5868.207134003629,5811.234341428885,5880.130892946115,138.40120144003856,-39.390825958605596
MS-VAR,2024-08-01,2024-09-01,1,test,5994.0,6053.145883411306,498.79121666284635,5413.91921881694,6692.372548005673,5075.533062947239,7030.758703875374,119.35968572262186,-7.138156560911219
MS-VECM,2024-08-01,2024-09-01,1,test,5994.0,5999.944506438489,498.79121666284635,5360.717841844123,6639.171171032855,5022.331685974423,6977.557326902555,116.59326531739711,-7.131197155196289
Naive,2024-09-01,2024-10-01,1,test,6472.0,4496.0,498.79121666284635,3856.773335405634,5135.226664594366,3518.3871795359332,5473.612820464066,1694.5955721747812,-14.978173796663356
ARIMA,2024-09-01,2024-10-01,1,test,6472.0,4670.123915202382,468.76508251426,4069.377289833401,5270.870540571363,3751.361236264511,5588.886594140253,1537.4168628500363,-14.456741760460549
VECM,2024-09-01,2024-10-01,1,test,6472.0,4593.171607989273,466.47846116697,3995.35540578772,5190.987810190826,3678.890624538371,5507.452591440176,1615.6519460059865,-15.175274397877981
BVAR,2024-09-01,2024-10-01,1,test,6472.0,4494.3052360898055,477.00479815940145,3882.9989902361476,5105.611481943463,3559.3930112446064,5429.217460935004,1708.5771196058909,-15.681408789272208
XGBoost,2024-09-01,2024-10-01,1,test,6472.0,5749.7880859375,17.57597385989684,5727.263569121371,5772.312602753629,5715.339810178885,5784.236361696115,712.2957326900386,-848.0149358849404
MS-VAR,2024-09-01,2024-10-01,1,test,6472.0,5893.672063187359,498.79121666284635,5254.445398592992,6532.898727781725,4916.059242723291,6871.284883651426,357.6974325618814,-7.803298658085217
MS-VECM,2024-09-01,2024-10-01,1,test,6472.0,5713.141256149723,498.79121666284635,5073.914591555356,6352.367920744089,4735.5284356856555,6690.75407661379,505.28517800109904,-8.288448367343754
Naive,2024-10-01,2024-11-01,1,test,6451.0,4496.0,498.79121666284635,3856.773335405634,5135.226664594366,3518.3871795359332,5473.612820464066,1673.597274955458,-14.812270602237906
ARIMA,2024-10-01,2024-11-01,1,test,6451.0,4689.765667062992,468.76508251426,4089.0190416940113,5290.512292431973,3771.002988125121,5608.528346000863,1496.7809919870504,-14.127237377007114
VECM,2024-10-01,2024-11-01,1,test,6451.0,4593.171607989273,466.47846116697,3995.35540578772,5190.987810190826,3678.890624538371,5507.452591440176,1594.6532432636725,-14.994968755774298
BVAR,2024-10-01,2024-11-01,1,test,6451.0,4477.939972002759,473.86208527104174,3870.661274771237,5085.21866923428,3549.1873512324946,5406.692592773023,1705.715175120941,-15.748409244344183
XGBoost,2024-10-01,2024-11-01,1,test,6451.0,6478.92626953125,17.57597385989684,6456.401752715121,6501.450786347379,6444.477993772635,6513.374545289865,18.848733906798415,-5.047755327470682
MS-VAR,2024-10-01,2024-11-01,1,test,6451.0,6457.652066966282,498.79121666284635,5818.425402371916,7096.878731560649,5480.039246502216,7435.264887430349,116.60039385014656,-7.131215067375628
MS-VECM,2024-10-01,2024-11-01,1,test,6451.0,6404.258485212443,498.79121666284635,5765.031820618076,7043.485149806809,5426.645664748376,7381.87130567651,118.3111482106651,-7.135516880492612
Naive,2024-11-01,2024-12-01,1,test,6122.0,4496.0,498.79121666284635,3856.773335405634,5135.226664594366,3518.3871795359332,5473.612820464066,1344.73474817807,-12.444538138559109
ARIMA,2024-11-01,2024-12-01,1,test,6122.0,4699.739960959285,468.76508251426,4098.993335590304,5300.486586328266,3780.977282021414,5618.502639897156,1158.1049744583247,-11.671791608036516
VECM,2024-11-01,2024-12-01,1,test,6122.0,4593.171607989273,466.47846116697,3995.35540578772,5190.987810190826,3678.890624538371,5507.452591440176,1265.775279261735,-12.434768735439668
BVAR,2024-11-01,2024-12-01,1,test,6122.0,4481.276510259943,485.52132314197235,3859.055898481869,5103.497122038018,3529.6722031754703,5432.880817344416,1366.8884268117354,-12.814004910953926
XGBoost,2024-11-01,2024-12-01,1,test,6122.0,6251.03271484375,17.57597385989684,6228.508198027621,6273.557231659879,6216.584439085135,6285.480990602365,119.11653347128882,-30.73374064681356
MS-VAR,2024-11-01,2024-12-01,1,test,6122.0,6566.604014831673,498.79121666284635,5927.377350237307,7205.83067942604,5588.991194367607,7544.21683529574,264.97539093528,-7.528390100301034
MS-VECM,2024-11-01,2024-12-01,1,test,6122.0,6436.568220086688,498.79121666284635,5797.341555492321,7075.794884681054,5458.9553996226205,7414.181040550755,193.1871157571504,-7.329992852880115
Naive,2024-12-01,2025-01-01,1,test,6065.0,4496.0,498.79121666284635,3856.773335405634,5135.226664594366,3518.3871795359332,5473.612820464066,1287.8127988847525,-12.078540630923941
ARIMA,2024-12-01,2025-01-01,1,test,6065.0,4722.935576914045,468.76508251426,4122.188951545064,5323.682202283026,3804.1728979761738,5641.698255851916,1078.168431799565,-11.167363661070912
VECM,2024-12-01,2025-01-01,1,test,6065.0,4593.171607989273,466.47846116697,3995.35540578772,5190.987810190826,3678.890624538371,5507.452591440176,1208.8498050424967,-12.04176381115636
BVAR,2024-12-01,2025-01-01,1,test,6065.0,4503.237257869989,478.8910400329915,3889.513695790235,5116.9608199497425,3564.628066886422,5441.846448853556,1291.7183697332166,-12.408146703568807
XGBoost,2024-12-01,2025-01-01,1,test,6065.0,6018.18408203125,17.57597385989684,5995.659565215121,6040.708598847379,5983.735806272635,6052.632357789865,36.94167984168829,-7.332937818319611
MS-VAR,2024-12-01,2025-01-01,1,test,6065.0,6059.057480425453,498.79121666284635,5419.8308158310865,6698.284145019819,5081.444659961386,7036.67030088952,116.59324642761996,-7.13119710773126
MS-VECM,2024-12-01,2025-01-01,1,test,6065.0,5863.863536043691,498.79121666284635,5224.636871449325,6503.0902006380575,4886.250715579625,6841.476356507757,148.49089043487768,-7.212430534591188
Naive,2025-01-01,2025-02-01,1,test,6086.0,6065.0,489.06803016683665,5438.234100281681,6691.765899718319,5106.444274883078,7023.555725116922,114.65242186201769,-7.112362004768895
ARIMA,2025-01-01,2025-02-01,1,test,6086.0,6149.003886409016,459.04756796754214,5560.710757020587,6737.297015797444,5249.287186001955,7048.720586816076,110.72145487301421,-7.057511035770573
VECM,2025-01-01,2025-02-01,1,test,6086.0,6059.331964257226,458.0037692768439,5472.376516714976,6646.287411799476,5161.661071691044,6957.002856823408,107.6524831623175,-7.047511119876039
BVAR,2025-01-01,2025-02-01,1,test,6086.0,6080.593893181799,473.800244014289,5473.394448709684,6687.793337653914,5151.962479047529,7009.225307316069,110.74934569775363,-7.079789435103199
XGBoost,2025-01-01,2025-02-01,1,test,6086.0,6238.3330078125,18.691298202758343,6214.379145338687,6262.286870286313,6201.698736510796,6274.967279114204,141.78757206351884,-37.057778952142584
MS-VAR,2025-01-01,2025-02-01,1,test,6086.0,6150.823343441617,489.06803016683665,5524.057443723298,6777.589243159936,5192.267618324695,7109.379068558539,117.7154436542393,-7.120224174103331
MS-VECM,2025-01-01,2025-02-01,1,test,6086.0,6137.540239484578,489.06803016683665,5510.774339766259,6764.306139202897,5178.984514367656,7096.0959646015,116.45761849866692,-7.116993091119455
Naive,2025-02-01,2025-03-01,1,test,6531.0,6065.0,489.06803016683665,5438.234100281681,6691.765899718319,5106.444274883078,7023.555725116922,279.1539308155959,-7.565385188361895
ARIMA,2025-02-01,2025-03-01,1,test,6531.0,6135.237644816371,459.04756796754214,5546.944515427943,6723.5307742048,5235.520944409311,7034.954345223432,235.55305330754334,-7.4197333430267625
VECM,2025-02-01,2025-03-01,1,test,6531.0,6059.331964257226,458.0037692768439,5472.376516714976,6646.287411799476,5161.661071691044,6957.002856823408,285.3465058699102,-7.576095390187114
BVAR,2025-02-01,2025-03-01,1,test,6531.0,6109.238975981492,473.1051676327226,5502.930307734347,6715.547644228638,5181.969886521597,7036.508065441388,251.36305754103287,-7.475619312810035
XGBoost,2025-02-01,2025-03-01,1,test,6531.0,6390.9716796875,18.691298202758343,6367.017817213687,6414.925542161313,6354.337408385796,6427.605950989204,129.48288456351892,-31.909268647789606
MS-VAR,2025-02-01,2025-03-01,1,test,6531.0,6292.411344001824,489.06803016683665,5665.645444283505,6919.1772437201425,5333.855618884902,7250.967069118746,159.8277403858495,-7.2304357706772535
MS-VECM,2025-02-01,2025-03-01,1,test,6531.0,6247.870775331746,489.06803016683665,5621.104875613427,6874.636675050065,5289.315050214824,7206.426500448668,177.9157646577972,-7.279011903179351
Naive,2025-03-01,2025-04-01,1,test,6327.0,6065.0,489.06803016683665,5438.234100281681,6691.765899718319,5106.444274883078,7023.555725116922,168.98532321118677,-7.2549342318440555
ARIMA,2025-03-01,2025-04-01,1,test,6327.0,6129.233820530112,459.04756796754214,5540.940691141684,6717.526949918541,5229.517120123051,7028.950520937173,140.7513756542491,-7.1408946569115885
VECM,2025-03-01,2025-04-01,1,test,6327.0,6059.331964257226,458.0037692768439,5472.376516714976,6646.287411799476,5161.661071691044,6957.002856823408,167.72290962405478,-7.216591194798345
BVAR,2025-03-01,2025-04-01,1,test,6327.0,6076.412333045979,468.7469582825492,5475.688934814521,6677.135731277436,5157.685176949509,6995.139489142449,161.7495288882226,-7.211895118427932
XGBoost,2025-03-01,2025-04-01,1,test,6327.0,6457.76708984375,18.691298202758343,6433.813227369937,6481.720952317563,6421.132818542046,6494.401361145454,120.22165409477338,-28.320040519469135
MS-VAR,2025-03-01,2025-04-01,1,test,6327.0,6438.8212443507455,489.06803016683665,5812.055344632427,7065.587144069064,5480.265519233823,7397.376969467668,124.44827704076376,-7.137578600044709
MS-VECM,2025-03-01,2025-04-01,1,test,6327.0,6398.223833456911,489.06803016683665,5771.457933738592,7024.98973317523,5439.668108339989,7356.779558573833,118.42345670051459,-7.1220444374083325
Naive,2025-04-01,2025-05-01,1,test,6286.0,6065.0,489.06803016683665,5438.234100281681,6691.765899718319,5106.444274883078,7023.555725116922,153.46893921155896,-7.213537844401136
ARIMA,2025-04-01,2025-05-01,1,test,6286.0,6136.374233532506,459.04756796754214,5548.0811041440775,6724.6673629209345,5236.657533125445,7036.090933939567,126.5631639841871,-7.10121351331706
VECM,2025-04-01,2025-05-01,1,test,6286.0,6059.331964257226,458.0037692768439,5472.376516714976,6646.287411799476,5161.661071691044,6957.002856823408,150.894567490085,-7.168281081211233
BVAR,2025-04-01,2025-05-01,1,test,6286.0,6081.651664423284,479.3592139477339,5467.328113330145,6695.975215516423,5142.124869428321,7021.178459418247,146.25985222246425,-7.182252398405074
XGBoost,2025-04-01,2025-05-01,1,test,6286.0,6051.69287109375,18.691298202758343,6027.739008619937,6075.646733567563,6015.058599792046,6088.327142395454,223.76169315726884,-82.41795969334248
MS-VAR,2025-04-01,2025-05-01,1,test,6286.0,6284.716345008913,489.06803016683665,5657.950445290594,6911.482244727232,5326.160619891991,7243.272070125835,114.29408632123403,-7.111443578513714
MS-VECM,2025-04-01,2025-05-01,1,test,6286.0,6248.222518614924,489.06803016683665,5621.4566188966055,6874.988418333243,5289.666793498002,7206.7782437318465,115.45631304985487,-7.114423437625105
Naive,2025-05-01,2025-06-01,1,test,6081.0,6065.0,489.06803016683665,5438.234100281681,6691.765899718319,5106.444274883078,7023.555725116922,114.50154951982779,-7.11197527893559
ARIMA,2025-05-01,2025-06-01,1,test,6081.0,6117.992904081917,459.04756796754214,5529.6997746934885,6706.2860334703455,5218.276203674856,7017.709604488978,108.46576668494598,-7.051339440497791
VECM,2025-05-01,2025-06-01,1,test,6081.0,6059.331964257226,458.0037692768439,5472.376516714976,6646.287411799476,5161.661071691044,6957.002856823408,107.4420663590449,-7.046935052534921
BVAR,2025-05-01,2025-06-01,1,test,6081.0,6107.556365716443,493.36202517450045,5475.287489973611,6739.825241459275,5140.5845650347055,7074.5281663981805,115.86636468424267,-7.121630460033438
XGBoost,2025-05-01,2025-06-01,1,test,6081.0,6422.5390625,18.691298202758343,6398.585200026187,6446.492924973813,6385.904791198296,6459.173333801704,330.99362675101884,-170.7913889403513
MS-VAR,2025-05-01,2025-06-01,1,test,6081.0,6467.365711709573,489.06803016683665,5840.599811991254,7094.131611427892,5508.809986592651,7425.921436826495,230.10329600915972,-7.423493312753595
MS-VECM,2025-05-01,2025-06-01,1,test,6081.0,6424.961467608851,489.06803016683665,5798.195567890532,7051.72736732717,5466.405742491929,7383.517192725773,207.01057483836482,-7.358755466820724
Naive,2025-06-01,2025-07-01,1,test,6147.0,6065.0,489.06803016683665,5438.234100281681,6691.765899718319,5106.444274883078,7023.555725116922,119.76482653076799,-7.125496050231899
ARIMA,2025-06-01,2025-07-01,1,test,6147.0,6120.379917783124,459.04756796754214,5532.086788394696,6708.673047171553,5220.663217376064,7020.096618190185,107.89278675139961,-7.049773780966197
VECM,2025-06-01,2025-07-01,1,test,6147.0,6059.331964257226,458.0037692768439,5472.376516714976,6646.287411799476,5161.661071691044,6957.002856823408,113.7073951710723,-7.06413548240651
BVAR,2025-06-01,2025-07-01,1,test,6147.0,6083.805151833617,478.2075674394844,5470.957495126079,6696.652808541155,5146.535542517744,7021.07476114949,115.08150229817942,-7.097715146302531
XGBoost,2025-06-01,2025-07-01,1,test,6147.0,6098.90771484375,18.691298202758343,6074.953852369937,6122.861577317563,6062.273443542046,6135.541986145454,37.60646869882278,-7.157102591330386
MS-VAR,2025-06-01,2025-07-01,1,test,6147.0,6170.82263102518,489.06803016683665,5544.056731306861,6797.588530743499,5212.266905908258,7129.378356142102,114.75558909126268,-7.112626478725085
MS-VECM,2025-06-01,2025-07-01,1,test,6147.0,6122.267713400611,489.06803016683665,5495.501813682292,6749.03361311893,5163.711988283689,7080.823438517533,114.79160335079388,-7.11271880847566
Naive,2025-07-01,2025-08-01,1,test,6178.0,6065.0,489.06803016683665,5438.234100281681,6691.765899718319,5106.444274883078,7023.555725116922,124.66256141204597,-7.13813257813638
ARIMA,2025-07-01,2025-08-01,1,test,6178.0,6110.967017787857,459.04756796754214,5522.6738883994285,6699.2601471762855,5211.250317380796,7010.683718194918,111.17526499757534,-7.05875420061327
VECM,2025-07-01,2025-08-01,1,test,6178.0,6059.331964257226,458.0037692768439,5472.376516714976,6646.287411799476,5161.661071691044,6957.002856823408,119.23116054276204,-7.079381933022611
BVAR,2025-07-01,2025-08-01,1,test,6178.0,6097.153655472638,487.8629057573044,5471.9321848280315,6722.375126117245,5140.959930795289,7053.347380149987,119.34373280020883,-7.122703747984182
XGBoost,2025-07-01,2025-08-01,1,test,6178.0,6055.46044921875,18.691298202758343,6031.506586744937,6079.414311692563,6018.826177917046,6092.094720520454,111.99411503238537,-25.33735407886634
MS-VAR,2025-07-01,2025-08-01,1,test,6178.0,6148.632729449745,489.06803016683665,5521.866829731426,6775.398629168064,5190.077004332823,7107.188454566667,114.99604120919969,-7.113242979971166
MS-VECM,2025-07-01,2025-08-01,1,test,6178.0,6116.155508296194,489.06803016683665,5489.389608577875,6742.921408014513,5157.599783179272,7074.711233413116,117.40851160529749,-7.119435410809483
Naive,2025-08-01,2025-09-01,1,test,6244.0,6065.0,489.06803016683665,5438.234100281681,6691.765899718319,5106.444274883078,7023.555725116922,140.14128277101057,-7.178418957917218
ARIMA,2025-08-01,2025-09-01,1,test,6244.0,6096.501191423062,459.04756796754214,5508.208062034633,6684.79432081149,5196.784491016001,6996.217891830122,126.02337886686374,-7.099713993919551
VECM,2025-08-01,2025-09-01,1,test,6244.0,6059.331964257226,458.0037692768439,5472.376516714976,6646.287411799476,5161.661071691044,6957.002856823408,136.34183525384478,-7.1271018735163585
BVAR,2025-08-01,2025-09-01,1,test,6244.0,6069.238399254744,471.94527974655784,5464.41618714397,6674.060611365518,5144.2426482778355,6994.234150231652,135.81748364441762,-7.144362831199673
XGBoost,2025-08-01,2025-09-01,1,test,6244.0,6148.341796875,18.691298202758343,6124.387934401187,6172.295659348813,6111.707525573296,6184.976068176704,85.11276837949124,-16.94290140391231
MS-VAR,2025-08-01,2025-09-01,1,test,6244.0,6296.670319140792,489.06803016683665,5669.904419422473,6923.436218859111,5338.11459402387,7255.226044257714,116.55350120706449,-7.117239270818417
MS-VECM,2025-08-01,2025-09-01,1,test,6244.0,6249.29946159112,489.06803016683665,5622.533561872801,6876.065361309439,5290.743736474198,7207.855186708042,114.31565112674203,-7.111498841683414
Naive,2025-09-01,2025-10-01,1,test,6216.0,6065.0,489.06803016683665,5438.234100281681,6691.765899718319,5106.444274883078,7023.555725116922,132.74558556701373,-7.159103570351062
ARIMA,2025-09-01,2025-10-01,1,test,6216.0,6134.835261720593,459.04756796754214,5546.542132332164,6723.128391109021,5235.118561313532,7034.5519621276535,112.98739520544741,-7.063723467000355
VECM,2025-09-01,2025-10-01,1,test,6216.0,6059.331964257226,458.0037692768439,5472.376516714976,6646.287411799476,5161.661071691044,6957.002856823408,128.2068137859245,-7.1043209085004255
BVAR,2025-09-01,2025-10-01,1,test,6216.0,6076.200605232425,482.61197887406,5457.7084681556025,6694.6927423092475,5130.298508131688,7022.102702333162,128.82752938190916,-7.14010657203845
XGBoost,2025-09-01,2025-10-01,1,test,6216.0,6198.142578125,18.691298202758343,6174.188715651187,6222.096440598813,6161.508306823296,6234.776849426704,10.700268314804253,-4.303378698238831
MS-VAR,2025-09-01,2025-10-01,1,test,6216.0,6050.13602737295,489.06803016683665,5423.370127654631,6676.901927091269,5091.580302256028,7008.691752489872,136.5212143720534,-7.168949102966232
MS-VECM,2025-09-01,2025-10-01,1,test,6216.0,6036.435035151137,489.06803016683665,5409.669135432818,6663.2009348694555,5077.8793100342145,6994.990760268059,140.30290092468528,-7.178842426051796
Naive,2025-10-01,2025-11-01,1,test,6034.0,6065.0,489.06803016683665,5438.234100281681,6691.765899718319,5106.444274883078,7023.555725116922,115.07639049307188,-7.113449017921969
ARIMA,2025-10-01,2025-11-01,1,test,6034.0,6132.343749843459,459.04756796754214,5544.05062045503,6720.636879231887,5232.627049436398,7032.060450250519,115.65026225178217,-7.071040546671969
VECM,2025-10-01,2025-11-01,1,test,6034.0,6059.331964257226,458.0037692768439,5472.376516714976,6646.287411799476,5161.661071691044,6957.002856823408,107.59199892516787,-7.047345518119514
BVAR,2025-10-01,2025-11-01,1,test,6034.0,6077.223186792813,482.5590036076247,5458.798940251627,6695.647433333999,5131.424919306361,7023.0214542792655,114.31510784914958,-7.102053196174177
XGBoost,2025-10-01,2025-11-01,1,test,6034.0,6155.9677734375,18.691298202758343,6132.013910963687,6179.921635911313,6119.333502135796,6192.602044739204,111.42233768866353,-25.137271218492508
MS-VAR,2025-10-01,2025-11-01,1,test,6034.0,6225.729376458941,489.06803016683665,5598.963476740622,6852.49527617726,5267.173651342019,7184.285101575863,143.90047559275013,-7.188283923780833
MS-VECM,2025-10-01,2025-11-01,1,test,6034.0,6232.85554724107,489.06803016683665,5606.089647522751,6859.621446959389,5274.299822124148,7191.411272357992,146.1119893806989,-7.194102318194181
Naive,2025-11-01,2025-12-01,1,test,6825.0,6065.0,489.06803016683665,5438.234100281681,6691.765899718319,5106.444274883078,7023.555725116922,509.391395866714,-8.318860897874368
ARIMA,2025-11-01,2025-12-01,1,test,6825.0,6090.252894393595,459.04756796754214,5501.959765005166,6678.546023782023,5190.536193986534,6989.969594800656,497.0659048533027,-8.329037099536224
VECM,2025-11-01,2025-12-01,1,test,6825.0,6059.331964257226,458.0037692768439,5472.376516714976,6646.287411799476,5161.661071691044,6957.002856823408,525.2070060249409,-8.443190834173647
BVAR,2025-11-01,2025-12-01,1,test,6825.0,6112.646487176956,484.5535040337651,5491.666185492169,6733.626788861743,5162.939070688119,7062.353903665793,469.36599981941737,-8.182798001777476
XGBoost,2025-11-01,2025-12-01,1,test,6825.0,5963.80908203125,18.691298202758343,5939.855219557437,5987.762944505063,5927.174810729546,6000.443353332954,850.6454822197687,-1065.2735645601151
MS-VAR,2025-11-01,2025-12-01,1,test,6825.0,6254.681597178924,489.06803016683665,5627.915697460605,6881.447496897243,5296.125872062002,7213.237322295846,353.1893360710666,-7.791373300955479
MS-VECM,2025-11-01,2025-12-01,1,test,6825.0,6240.844267299838,489.06803016683665,5614.078367581519,6867.610167018157,5282.288542182916,7199.39999241676,363.7346941819878,-7.824767263648704
Naive,2025-12-01,2026-01-01,1,test,,6065.0,489.06803016683665,5438.234100281681,6691.765899718319,5106.444274883078,7023.555725116922,,
ARIMA,2025-12-01,2026-01-01,1,test,,6080.778030135746,459.04756796754214,5492.484900747318,6669.071159524175,5181.061329728685,6980.494730542807,,
VECM,2025-12-01,2026-01-01,1,test,,6059.331964257226,458.0037692768439,5472.376516714976,6646.287411799476,5161.661071691044,6957.002856823408,,
BVAR,2025-12-01,2026-01-01,1,test,,6105.279755792557,476.5340482015082,5494.576800284418,6715.982711300696,5171.2901839105525,7039.269327674561,,
XGBoost,2025-12-01,2026-01-01,1,test,,6607.20654296875,18.691298202758343,6583.252680494937,6631.160405442563,6570.572271667046,6643.840814270454,,
MS-VAR,2025-12-01,2026-01-01,1,test,,6604.692290817364,489.06803016683665,5977.926391099045,7231.458190535683,5646.136565700442,7563.248015934286,,
MS-VECM,2025-12-01,2026-01-01,1,test,,6610.358816589141,489.06803016683665,5983.592916870822,7237.1247163074595,5651.8030914722185,7568.914541706063,,
