date,gross_reserves_usd_m,import_cover_months,fx_reserves_usd_m,imf_position_usd_m,sdrs_usd_m,gold_usd_m,exports_usd_m,imports_usd_m,tourism_usd_m,remittances_usd_m,cse_net_usd_m,m0_lkr_m,m2_lkr_m,usd_lkr,inflation_yoy_pct,govt_short_term_usd_m,total_short_term_usd_m,portfolio_liabilities_usd_b,total_short_term_debt_lkr_m,trade_balance_usd_m,ca_proxy_usd_m,net_usable_reserves_usd_m,gg_ratio,m2_usd_m,reserve_change_usd_m,reserve_change_pct
2005-01-01,2249.0,1.4993333333333334,,,,,,,,,,174648.0,701947.0,,,,,,,,0.0,2249.0,,,,
2005-02-01,2293.0,1.5286666666666666,,,,,,,,,,174666.0,707352.0,,,,,,,,0.0,2293.0,,,44.0,1.9564250778123515
2005-03-01,2337.0,1.558,,,,,,,,,,190755.0,721095.0,,,,,,,,0.0,2337.0,,,44.0,1.918883558656792
2005-04-01,2382.0,1.588,,,,,,,,,,181861.0,728312.0,,,,,,,,0.0,2382.0,,,45.0,1.9255455712451797
2005-05-01,2426.0,1.6173333333333333,,,,,,,,,,179195.0,729253.0,,,,,,,,0.0,2426.0,,,44.0,1.8471872376154552
2005-06-01,2470.0,1.6466666666666667,,,,,,,,,,179817.0,738411.0,,,,,,,,0.0,2470.0,,,44.0,1.813685078318228
2005-07-01,2514.0,1.676,,,,,,,,,,184647.0,749606.0,,,,,,,,0.0,2514.0,,,44.0,1.7813765182186136
2005-08-01,2558.0,1.7053333333333334,,,,,,,,,,184289.0,757307.0,,,,,,,,0.0,2558.0,,,44.0,1.7501988862370643
2005-09-01,2602.0,1.7346666666666666,,,,,,,,,,187894.0,775449.0,,,,,,,,0.0,2602.0,,,44.0,1.7200938232994512
2005-10-01,2647.0,1.7646666666666666,,,,,,,,,,191179.0,799305.0,,,,,,,,0.0,2647.0,,,45.0,1.7294388931591076
2005-11-01,2691.0,1.794,,,,,,,,,,190969.0,812386.0,,,,,,,,0.0,2691.0,,,44.0,1.6622591613147053
2005-12-01,2735.0,1.8233333333333333,,,,,,,,,,197932.0,822932.0,,,,,,262153.0,,0.0,2735.0,,,44.0,1.635079895949465
2006-01-01,2743.0,1.8286666666666669,,,,,,,,,,196864.0,834273.0,,,,,,262153.0,,0.0,2743.0,,,8.0,0.2925045703839224
2006-02-01,2751.0,1.834,,,,,,,,,,203030.0,849000.0,,,,,,262153.0,,0.0,2751.0,,,8.0,0.2916514764855993
2006-03-01,2759.0,1.8393333333333333,,,,,,,,,,217168.0,862733.0,,,,,,262153.0,,0.0,2759.0,,,8.0,0.290803344238455
2006-04-01,2767.0,1.844666666666667,,,,,,,,,,216094.0,878328.0,,,,,,262153.0,,0.0,2767.0,,,8.0,0.2899601304820587
2006-05-01,2775.0,1.85,,,,,,,,,,212027.0,876163.0,,,,,,262153.0,,0.0,2775.0,,,8.0,0.2891217925551137
2006-06-01,2784.0,1.856,,,,,,,,,,212418.7,887778.7,,,,,,262153.0,,0.0,2784.0,,,9.0,0.324324324324321
2006-07-01,2792.0,1.8613333333333333,,,,,,,,,,214844.8,895241.6,,,,,,262153.0,,0.0,2792.0,,,8.0,0.2873563218390718
2006-08-01,2800.0,1.8666666666666667,,,,,,,,,,213894.9,906552.6,,,,,,262153.0,,0.0,2800.0,,,8.0,0.2865329512893977
2006-09-01,2808.0,1.872,,,,,,,,,,222140.4,919003.7,,,,,,262153.0,,0.0,2808.0,,,8.0,0.28571428571428914
2006-10-01,2816.0,1.8773333333333333,,,,,,,,,,225512.9,952857.7,,,,,,262153.0,,0.0,2816.0,,,8.0,0.2849002849002913
2006-11-01,2824.0,1.8826666666666667,,,,,,,,,,226627.3,968095.5,,,,,,262153.0,,0.0,2824.0,,,8.0,0.28409090909091717
2006-12-01,2832.0,1.888,,,,,,,,,,239863.0,993264.8,,,,,,313218.0,,0.0,2832.0,,,8.0,0.28328611898016387
2007-01-01,2889.0,1.926,,,,,487.4234681377972,809.4078342645455,,,,236781.9,996575.1,,,,,,313218.0,-321.9843661267483,-321.9843661267483,2889.0,,,57.0,2.0127118644067687
2007-02-01,2946.0,1.964,,,,,585.7982236391804,747.4933008651399,,,,237920.3,1013890.5,,,,,,313218.0,-161.6950772259595,-161.6950772259595,2946.0,,,57.0,1.9730010384215957
2007-03-01,3004.0,2.002666666666667,,,,,630.6943269616814,874.3359661525996,,,,252954.0,1032542.4,,,,,,313218.0,-243.6416391909181,-243.6416391909181,3004.0,,,58.0,1.9687712152070658
2007-04-01,3061.0,2.040666666666666,,,,,531.6992666092641,969.4795165992095,,,,249337.1,1046387.7,,,,,,313218.0,-437.78024998994545,-437.78024998994545,3061.0,,,57.0,1.897470039946736
2007-05-01,3118.0,2.078666666666667,,,,,637.2478349971178,1014.3077728947776,,,,246220.0,1050538.0,,,,,,313218.0,-377.0599378976598,-377.0599378976598,3118.0,,,57.0,1.8621365566808157
2007-06-01,3175.0,2.1166666666666667,,,,,667.3012361647559,860.382857133588,,,,247846.0,1063012.0,,,,,,313218.0,-193.0816209688321,-193.0816209688321,3175.0,,,57.0,1.828094932649127
2007-07-01,3232.0,2.1546666666666665,,,,,683.9632990518871,830.4256217891368,,,,247209.0,1068052.0,,,,,,313218.0,-146.46232273724968,-146.46232273724968,3232.0,,,57.0,1.7952755905511708
2007-08-01,3290.0,2.193333333333334,,,,,652.8681287223121,938.1046786205826,,,,257063.8,1085288.3,,,,,,313218.0,-285.2365498982705,-285.2365498982705,3290.0,,,58.0,1.7945544554455406
2007-09-01,3347.0,2.231333333333333,,,,,719.3911267809434,1006.3504001983434,,,,256714.9,1097654.7,,,,,,313218.0,-286.9592734174,-286.9592734174,3347.0,,,57.0,1.7325227963525869
2007-10-01,3404.0,2.2693333333333334,,,,,624.1546987860158,1075.7674384981094,,,,256519.0,1106356.6,,,,,,313218.0,-451.61273971209357,-451.61273971209357,3404.0,,,57.0,1.7030176277263331
2007-11-01,3461.0,2.3073333333333332,,,,,577.8998385201782,1009.2311463627842,,,,264080.4,1132313.4,,,,,,313218.0,-431.33130784260607,-431.33130784260607,3461.0,,,57.0,1.6745005875440588
2007-12-01,3518.0,2.3453333333333335,,,,,841.5319768948182,1161.1862621074838,,,,264419.4,1147742.4,,,,,,363199.175,-319.6542852126656,-319.6542852126656,3518.0,,,57.0,1.6469228546662773
2008-01-01,3443.0,2.2953333333333332,,,,,552.0744096511238,1176.568587970768,,,,260423.9,1144360.9,,,,,,363199.175,-624.4941783196442,-624.4941783196442,3443.0,,,-75.0,-2.1318931210915326
2008-02-01,3368.0,2.2453333333333334,,,,,639.164335919886,969.418409750152,,,,273009.2,1155184.8,,,,,,363199.175,-330.25407383026607,-330.25407383026607,3368.0,,,-75.0,-2.178332849259368
2008-03-01,3293.0,2.195333333333333,,,,,677.9507634091372,1148.5096303178343,,,,276346.0,1188569.0,,,,,,363199.175,-470.55886690869715,-470.55886690869715,3293.0,,,-75.0,-2.226840855106893
2008-04-01,3218.0,2.1453333333333333,,,,,608.2140579359377,1300.4832040782987,,,,280201.0,1192361.3,,,,,,363199.175,-692.269146142361,-692.269146142361,3218.0,,,-75.0,-2.2775584573337393
2008-05-01,3143.0,2.0953333333333335,,,,,743.8113183015591,1233.450914221645,,,,277575.9,1187326.5,,,,,,363199.175,-489.63959592008587,-489.63959592008587,3143.0,,,-75.0,-2.3306401491609674
2008-06-01,3067.0,2.044666666666666,,,,,652.9925131163194,1205.204210525531,,,,271212.0,1201992.0,,,,,,363199.175,-552.2116974092115,-552.2116974092115,3067.0,,,-76.0,-2.418071905822461
2008-07-01,2992.0,1.9946666666666664,,,,,846.2233781562398,1264.0946348933142,,,,281292.0,1220612.0,,,,,,363199.175,-417.8712567370743,-417.8712567370743,2992.0,,,-75.0,-2.4453863710466206
2008-08-01,2917.0,1.9446666666666668,,,,,758.4715842455379,1271.5511102487849,,,,282575.7,1229068.0,,,,,,363199.175,-513.079526003247,-513.079526003247,2917.0,,,-75.0,-2.5066844919786058
2008-09-01,2842.0,1.8946666666666667,,,,,648.1663782812277,1238.41716734893,,,,280215.0,1248642.0,,,,,,363199.175,-590.2507890677023,-590.2507890677023,2842.0,,,-75.0,-2.571134727459723
2008-10-01,2767.0,1.844666666666667,,,,,659.8740804512345,1239.6003121533588,,,,276102.6,1249205.4,,,,,,363199.175,-579.7262317021243,-579.7262317021243,2767.0,,,-75.0,-2.63898662913441
2008-11-01,2692.0,1.7946666666666666,,,,,643.7034392363593,989.0434339374216,,,,253568.8,1253311.8,,,,,,363199.175,-345.3399947010623,-345.3399947010623,2692.0,,,-75.0,-2.7105168052041884
2008-12-01,2617.0,1.7446666666666666,,,,,679.949763787516,1054.8338038771594,,,,268425.2,1282193.7,,,,,,511826.175,-374.88404008964346,-374.88404008964346,2617.0,,,-75.0,-2.786032689450224
2009-01-01,2845.0,1.8966666666666667,,,,,491.12250528325586,682.61380664753,30.024274,258.01721947794175,,263769.6,1288162.5,,,,,,511826.175,-191.4913013642742,96.55019211366755,2845.0,,,228.0,8.712265953381726
2009-02-01,3073.0,2.048666666666666,,,,,524.2484802781544,606.3115947182515,26.6689045,241.3434650018653,,258097.0,1304602.1,,,,,,511826.175,-82.06311444009714,185.9492550617682,3073.0,,,228.0,8.014059753954307
2009-03-01,3301.0,2.2006666666666668,,,,,632.0015886956218,1023.5566745806852,26.5877325,281.286631035467,,266351.0,1324703.7,,,,,,511826.175,-391.5550858850635,-83.68072234959652,3301.0,,,228.0,7.419459811259355
2009-04-01,3529.0,2.3526666666666665,,,,,437.6225719222221,620.6460025503133,20.335147,266.2652379968468,,261177.0,1343534.7,,,,,,511826.175,-183.02343062809115,103.57695436875565,3529.0,,,228.0,6.9069978794304765
2009-05-01,3757.0,2.5046666666666666,,,,,538.4531361060348,773.3656772212477,19.3087895,275.5109741085164,,268603.1,1360259.7,,,,,,511826.175,-234.9125411152129,59.90722249330349,3757.0,,,228.0,6.460753754604709
2009-06-01,3985.0,2.6566666666666667,,,,,565.210780767491,845.0991412943899,23.597637,280.49028152479883,,262560.940702,1380977.90467836,,,,,,511826.175,-279.88836052689896,24.199557997899888,3985.0,,,228.0,6.068671812616455
2009-07-01,4213.0,2.808666666666667,,,,,652.2373263642176,939.2792191444825,32.9550515,300.1334402623257,,275591.476058,1411697.8015732598,,,,,,511826.175,-287.0418927802649,46.04659898206069,4213.0,,,228.0,5.721455457967384
2009-08-01,4441.0,2.9606666666666666,,,,,710.3629375690552,842.0875177400139,32.1620635,291.6635832322693,,276596.82890100003,1435549.82560029,,,,,,511826.175,-131.7245801709587,192.10106656131052,4441.0,,,228.0,5.411820555423685
2009-09-01,4669.0,3.1126666666666667,,,,,568.2329505461227,803.6255402274787,29.6457315,286.6487221031725,,274521.32119,1461339.23440299,,,,,,511826.175,-235.39258968135607,80.90186392181636,4669.0,,,228.0,5.133978833596031
2009-10-01,4897.0,3.264666666666667,,,,,628.660979308094,1042.957434922112,29.3272875,292.4058094287403,,288830.491907,1461344.8106734,,,,,,511826.175,-414.296455614018,-92.56335868527765,4897.0,,,228.0,4.883272649389592
2009-11-01,5126.0,3.417333333333333,,,,,612.990058066526,934.7173129335654,34.5847355,261.58987821087175,,288163.967292,1497004.1257850805,,,,,,511826.175,-321.7272548670394,-25.552641156167624,5126.0,,,229.0,4.676332448437814
2009-12-01,5354.0,3.5693333333333332,,,,,723.3783494852621,1092.3730818030665,44.380790999999995,294.9442841316884,,303537.302256,1536755.0233558,,,,,,601055.462,-368.9947323178044,-29.669657186115955,5354.0,,,228.0,4.447912602419035
2010-01-01,5507.0,3.671333333333333,,,,,656.4771475651874,1237.6522649867331,44.666160000000005,313.1306230479197,,309189.815069,1551744.06835161,,,,,,601055.462,-581.1751174215458,-223.3783343736261,5507.0,,,153.0,2.857676503548756
2010-02-01,5661.0,3.774,,,,,683.0335766681674,973.4400220879818,50.42400000000001,310.08727815946236,,310808.539535,1565386.79999771,,,,,,601055.462,-290.4064454198144,70.10483273964792,5661.0,,,154.0,2.7964408934083806
2010-03-01,5814.0,3.876,,,,,755.9409231632552,976.4628079926936,46.069759999999995,373.23619352060666,,328852.718117,1600964.0323549898,,,,,,601055.462,-220.52188482943836,198.7840686911684,5814.0,,,153.0,2.7027027027026973
2010-04-01,5968.0,3.978666666666667,,,,,495.51039563556634,1001.9664997435898,33.704,339.7262518790919,,325004.73781300004,1603309.5265002,,,,,,601055.462,-506.45610410802345,-133.02585222893163,5968.0,,,154.0,2.6487788097695253
2010-05-01,6121.0,4.080666666666667,,,,,558.6548361540848,1050.561493653169,30.987440000000003,303.04171743955754,,330608.312261,1622304.25147808,,,,,,601055.462,-491.9066574990842,-157.8775000595266,6121.0,,,153.0,2.563672922252014
2010-06-01,6274.0,4.182666666666667,,,,,624.4979662227058,1113.6133375678796,39.3624,343.89562167168805,,322906.975679,1637896.5471094,,,,,,601055.462,-489.1153713451738,-105.85734967348571,6274.0,,,153.0,2.4995915700049
2010-07-01,6428.0,4.285333333333333,,,,,879.2830567824942,1123.5445207668051,55.73832,343.0238810410193,,331813.17170799995,1650967.3556188,,,,,,601055.462,-244.26146398431092,154.50073705670843,6428.0,,,154.0,2.454574434172785
2010-08-01,6581.0,4.387333333333333,,,,,803.0986356591901,1103.5185693013718,49.19024,332.5045531590209,,336798.125384,1679209.74948479,,,,,,601055.462,-300.4199336421817,81.27485951683911,6581.0,,,153.0,2.3802115743621677
2010-09-01,6735.0,4.49,,,,,713.590895198686,1090.3121786553152,41.65832,345.74244236100924,,338471.172369,1718989.26653129,,,,,,601055.462,-376.7212834566292,10.679478904380176,6735.0,,,154.0,2.3400698981917545
2010-10-01,6888.0,4.592,,,,,932.4533918349484,1238.1561552583523,46.0856,376.0436001222503,,348435.009656,1742357.31876087,,,,,,601055.462,-305.7027634234039,116.4264366988466,6888.0,,,153.0,2.2717149220490063
2010-11-01,7042.0,4.6946666666666665,,,,,792.4314493061487,1112.990994749606,63.58088,365.8666819619417,,344090.51870899997,1763573.9418816504,,,,,,601055.462,-320.5595454434573,108.88801651848439,7042.0,,,154.0,2.2357723577235866
2010-12-01,7195.0,4.796666666666667,,,,,730.8555624837272,1428.7200782807124,74.47176,369.6792113356549,,360511.371001,1812999.82935592,,,,,,676865.8250000001,-697.8645157969852,-253.71354446133046,7195.0,,,153.0,2.172678216415802
2011-01-01,7157.0,4.771333333333334,,,,,922.98926208405,1567.907689902411,71.97109,377.01919667028966,,362885.671374,1832033.53629889,,,,,,676865.8250000001,-644.918427818361,-195.9281411480713,7157.0,,,-38.0,-0.528144544822795
2011-02-01,7119.0,4.746,,,,,816.9552807742292,1235.863470371473,63.82309,393.2545824074448,,366083.853379,1863091.55422272,,,,,,676865.8250000001,-418.9081895972439,38.16948281020086,7119.0,,,-38.0,-0.5309487215313657
2011-03-01,7081.0,4.720666666666666,,,,,930.775019639412,1634.1256642064145,72.8761,503.4370141605327,,382139.96322399995,1899804.4483429804,,,,,,676865.8250000001,-703.3506445670025,-127.03753040646984,7081.0,,,-38.0,-0.5337828346677953
2011-04-01,7043.0,4.695333333333333,,,,,748.6356820692486,1490.3264231450498,61.91994999999999,414.8376121203856,,405454.640712,1935746.91477396,,,,,,676865.8250000001,-741.6907410758013,-264.93317895541577,7043.0,,,-38.0,-0.5366473661912119
2011-05-01,7005.0,4.67,,,,,836.1273694186206,1683.2261787866205,47.47471,414.48447238581497,,400028.551853,1957064.3821283004,,,,,,676865.8250000001,-847.0988093679999,-385.13962698218506,7005.0,,,-38.0,-0.5395428084623011
2011-06-01,6967.0,4.644666666666667,,,,,820.4107865890929,1668.6477921008616,52.02692,403.53716320026047,,397194.453357,1992454.6180428504,,,,,,676865.8250000001,-848.2370055117686,-392.67292231150805,6967.0,,,-38.0,-0.5424696645253357
2011-07-01,6929.0,4.6193333333333335,,,,,962.1221847896372,1769.8102606359478,81.27241999999998,415.3978648677539,,413172.099588,2025945.1122480696,,,,,,676865.8250000001,-807.6880758463105,-311.0177909785566,6929.0,,,-38.0,-0.5454284483995986
2011-08-01,6891.0,4.594,,,,,954.1527477935656,1837.0495435101775,70.28911,458.5439144737759,,419936.970645,2059413.2426001104,,,,,,676865.8250000001,-882.8967957166119,-354.0637712428361,6891.0,,,-38.0,-0.5484196853802858
2011-09-01,6853.0,4.568666666666667,,,,,858.3745695451406,1762.638031753822,58.41242999999999,401.6127409142636,,422277.7804380001,2091126.72779216,,,,,,676865.8250000001,-904.2634622086813,-444.23829129441765,6853.0,,,-38.0,-0.5514439123494363
2011-10-01,6815.0,4.543333333333333,,,,,889.1348762817661,1756.9878809580116,67.47611,420.5466910904048,,425459.41163199994,2116658.19002408,,,,,,676865.8250000001,-867.8530046762455,-379.83020358584076,6815.0,,,-38.0,-0.5545016780971856
2011-11-01,6777.0,4.518,,,,,885.7604342675563,1986.4073019166487,88.16233,436.00080638963993,,420345.4279079999,2139727.96907146,,,,,,676865.8250000001,-1100.6468676490924,-576.4837312594525,6777.0,,,-38.0,-0.5575935436537005
2011-12-01,6739.0,4.492666666666667,,,,,933.3820328161256,1875.8120707711691,94.59149,506.169622762994,,439504.299606,2192603.0825096103,,,,,,768312.890208,-942.4300379550435,-341.6689251920495,6739.0,,,-38.0,-0.5607200826324377
2012-01-01,6770.0,4.513333333333334,,,,,888.1768344193363,1915.003349666776,88.89247110000001,472.7576840578115,4.140000000000004,434898.655471,2216985.78110137,,,,,,768312.890208,-1026.8265152474398,-465.17636008962836,6770.0,,,31.0,0.4600089033981236
2012-02-01,6800.0,4.533333333333333,,,,,821.0083740706526,1580.669756343379,84.93674888999998,470.3534018449788,16.290000000000006,439406.569569,2270719.92801005,,,,,,768312.890208,-759.6613822727264,-204.3712315377477,6800.0,,,30.0,0.4431314623338345
2012-03-01,6831.0,4.554,,,,,860.9534070468782,1853.572430961998,92.8967094,564.663615774557,143.75,471146.498426,2321171.4914160003,,,,,,768312.890208,-992.6190239151198,-335.05869874056293,6831.0,,,31.0,0.45588235294118373
2012-04-01,6862.0,4.574666666666666,,,,,747.8077199412343,1440.3974471538768,73.11230459999999,475.16126555624385,7.300000000000003,449306.658279,2353485.21453378,,,,,,768312.890208,-692.5897272126425,-144.31615705639865,6862.0,,,31.0,0.45381349729176623
2012-05-01,6892.0,4.594666666666667,,,,,805.9587920660201,1575.0258405028171,57.27655106,507.1056700307135,10.380000000000004,449479.406362,2351369.8771626703,,,,,,768312.890208,-769.067048436797,-204.68482734608347,6892.0,,,30.0,0.43719032352083076
2012-06-01,6923.0,4.615333333333333,,,,,755.8097439061191,1419.0185200287503,62.766994900000014,452.33050875411266,4.68,457526.1392379999,2381342.88362539,,,,,,768312.890208,-663.2087761226312,-148.11127246851834,6923.0,,,31.0,0.4497968659315177
2012-07-01,6953.0,4.6353333333333335,,,,,794.4485838607419,1325.0006983966075,100.4919912,475.01051159084767,18.56,463412.6274830001,2410233.1574495197,,,,,,768312.890208,-530.5521145358656,44.950388254982045,6953.0,,,30.0,0.4333381482016563
2012-08-01,6984.0,4.656,,,,,828.9094751989539,1750.0125331366398,81.83968,490.06391254912114,21.42,472950.1737,2439376.8422081503,,,,,,768312.890208,-921.1030579376859,-349.1994653885647,6984.0,,,31.0,0.4458507119229127
2012-09-01,7015.0,4.676666666666667,,,,,801.5163159441854,1314.42178035095,68.8496702,511.2188303465269,23.27,473141.729448,2455009.53678854,,,,,,768312.890208,-512.9054644067646,67.1630361397622,7015.0,,,31.0,0.4438717067583031
2012-10-01,7045.0,4.696666666666666,,,,,770.3680166743912,1579.12486874701,79.47875520000001,522.1089073660701,18.65,471116.175271,2463315.5733956,,,,,,768312.890208,-808.7568520726187,-207.16918950654872,7045.0,,,30.0,0.4276550249465494
2012-11-01,7076.0,4.717333333333333,,,,,827.5999432430898,1918.1156798011084,114.7276212,491.2921828051703,11.809999999999995,476890.83256600006,2529841.56119952,,,,,,768312.890208,-1090.5157365580185,-484.49593255284844,7076.0,,,31.0,0.4400283889283152
2012-12-01,7106.0,4.737333333333333,,,,,870.9723909491089,1519.840615281137,133.47473359999998,553.1958336987818,24.92,484362.439386,2593184.85748289,,,,,4761.631898558695,893456.449303,-648.868224332028,37.80234296675394,7106.0,,,30.0,0.423968343697001
2013-01-01,7139.0,4.759333333333333,,,,,728.6704873301528,1532.2395828967108,148.77982369999998,502.2702987304283,-9.941842124446538,484095.99568799994,2627393.92465,,,,,4761.631898558695,893456.449303,-803.569095566558,-152.51897313612972,7139.0,,,33.0,0.4643962848297267
2013-02-01,7172.0,4.781333333333333,,,,,797.7068428421537,1433.2484412832089,153.3895312,469.4230744996838,9.18821590711402,486728.223648,2688229.3947190004,,,,,4761.631898558695,893456.449303,-635.5415984410552,-12.728992741371485,7172.0,,,33.0,0.46224961479199855
2013-03-01,7205.0,4.803333333333334,,,,,832.0258408267106,1544.819950858953,152.3666472,511.3652636863323,40.90851629655184,512395.910826,2749442.043265,,,,,4761.631898558695,893456.449303,-712.7941100322424,-49.0621991459102,7205.0,,,33.0,0.4601226993865115
2013-04-01,7238.0,4.825333333333333,,,,,696.5398243173713,1525.5540429605203,108.6639283,515.3293172313753,31.381666666666668,500287.639121,2788337.4671989996,,,,,4761.631898558695,893456.449303,-829.014218643149,-205.02097311177386,7238.0,,,33.0,0.45801526717557106
2013-05-01,7270.0,4.846666666666667,,,,,793.8675557900644,1548.8009254471533,100.7244642,512.3554990725178,39.11739989056456,507211.303089,2799417.2312509995,,,,,4761.631898558695,893456.449303,-754.9333696570889,-141.85340638457114,7270.0,,,32.0,0.44211108040894675
2013-06-01,7303.0,4.868666666666667,,,,,807.6126751415874,1509.3940455254678,121.50650610000002,528.2331006348323,12.601641331666478,500301.220336,2843835.271227,,,,,4761.631898558695,893456.449303,-701.7813703838805,-52.04176364904811,7303.0,,,33.0,0.4539202200825265
2013-07-01,7336.0,4.890666666666666,,,,,859.3002286407439,1433.0315762055395,144.0328344,526.6277433381692,11.021666666666668,456106.032791,2875610.0534099997,,,,,4761.631898558695,893456.449303,-573.7313475647957,96.92923017337353,7336.0,,,33.0,0.4518690948925208
2013-08-01,7369.0,4.9126666666666665,,,,,918.6373789675208,1474.908208041011,165.90774710000002,540.0171500252005,17.47794740823707,466583.918138,2883489.756548,,,,,4761.631898558695,893456.449303,-556.2708290734902,149.65406805171028,7369.0,,,33.0,0.4498364231188656
2013-09-01,7402.0,4.934666666666667,,,,,899.0348928672161,1486.3308700693876,121.5872601,557.7681820988254,11.10878291744446,465742.69608,2937208.353594,,,,,4761.631898558695,893456.449303,-587.2959772021716,92.05946499665401,7402.0,,,33.0,0.4478219568462505
2013-10-01,7434.0,4.956,,,,,1041.3319298561878,1393.6547102502932,144.08936219999998,572.954526078492,24.55785504611101,466851.637248,3002427.41166,,,,,4761.631898558695,893456.449303,-352.3227803941054,364.7211078843866,7434.0,,,32.0,0.43231559038097167
2013-11-01,7005.112547885943,4.670075031923962,6001.298932181784,73.46792129611,15.496370002560733,913.8704970807928,1031.842627143399,1569.6831663124335,147.268378,567.7798934674968,79.81751853885208,471997.257646,2997741.1264400003,,,,,4761.631898558695,893456.449303,-537.8405391690344,177.20773229846236,7005.112547885943,,,-428.88745211405694,-5.769268928087934
2013-12-01,7495.272121523254,4.996848081015503,6521.128482064121,73.7044,15.5466214006562,883.9103859184876,987.6804415027386,1551.0887289877007,207.1582362,602.83257708076,2.6886511455913222,488585.6129280001,3058792.834393,,,,,3750.6228177222474,983071.5280301364,-563.4082874849621,246.5825257957979,7495.272121523254,,,490.15957363731104,6.997169143060167
2014-01-01,8048.583905345139,5.365722603563426,7037.420353038395,73.4195874522,15.49064669541538,921.274764560043,903.9139666797748,1655.4543712331215,233.33567400000004,555.4649928517975,12.176593416182762,485179.780553,3094569.8302880004,,,,,3750.6228177222474,983071.5280301364,-751.5404045533467,37.260262298450925,8048.583905345139,,,553.311783821885,7.382144034944482
2014-02-01,8259.552166921556,5.506368111281037,7276.541099843131,74.0512772934,8.485246503685474,899.4875669199731,842.3512780193341,1420.4187569877663,225.85842576,502.0028602715727,-38.75316729820259,494615.24951100006,3120240.638883,,,,,3750.6228177222474,983071.5280301364,-578.0674789684322,149.79380706314055,8259.552166921556,,,210.9682615764168,2.6211848451540787
2014-03-01,8059.724448730886,5.373149632487258,7078.31073571379,73.96657342833001,8.478572121788993,897.9827216199715,1070.1044568320217,1672.100925295082,211.80177216,605.8833771114471,-21.46694375832549,521552.3810709999,3165810.2590340003,,,,,4124.136696381473,1075623.7307676708,-601.9964684630604,215.6886808083866,8059.724448730886,,,-199.82771819066966,-2.419352940114039
2014-04-01,8896.731082422368,5.931154054948245,7923.626232286314,74.16086590979,14.69855948174602,883.2569876899939,764.2577702006421,1444.452689961651,179.29954152000005,554.0070764109681,-2.636531184591213,515339.213267,3175118.511267,,,,,4124.136696381473,1075623.7307676708,-680.1949197610089,53.111698169959254,8896.731082422368,,,837.0066336914815,10.38505272749466
2014-05-01,8772.663840758212,5.848442560505474,7791.76453238364,73.71964012677,8.864875280136685,897.3322360300346,883.529809367989,1353.193029538538,143.34602832000002,557.4906459045135,69.91199817401531,499499.478195,3178773.037629,,,,,4124.136696381473,1075623.7307676708,-469.66322017054904,231.1734540539644,8772.663840758212,,,-124.06724166415552,-1.3945261525245
2014-06-01,9164.004705013178,6.1093364700087855,8139.863709469786,73.9790142581,8.89970539347883,940.27626073999,985.6929784578036,1439.4000128990126,164.24634600000002,585.1055018097321,28.800853234459744,507666.620321,3214316.422329,,,,,4535.769637436081,992563.1303418,-453.707034441209,295.6448133685233,9164.004705013178,,,391.3408642549657,4.46091257294936
2014-07-01,8973.741181262614,5.982494120841743,7964.566061151585,73.28128412989999,14.178902448809694,920.7382224700524,956.6346767350084,1845.3214368037536,213.27111432000004,606.6550748186075,36.272422508938114,524505.661594,3230603.8432469997,,,,,4535.769637436081,992563.1303418,-888.6867600687452,-68.76057093013765,8973.741181262614,,,-190.26352375056376,-2.076204998525155
2014-08-01,9185.637359336446,6.123758239557631,8143.508181769976,72.66251674858,9.160660353512815,959.308033520026,992.63269049287,1724.5032441152289,223.37662248,548.0727325527537,-27.604013578433182,532055.401977,3259844.253482,,,,,4535.769637436081,992563.1303418,-731.8705536223589,39.57880141039482,9185.637359336446,,,211.89617807383183,2.361291392226428
2014-09-01,8821.804336421244,5.881202890947496,7837.250892520176,70.95025443659999,8.94735422027554,903.6734398399332,902.8373773847655,1667.4534675979414,168.0032772,574.9856248534595,-9.532112946000709,536887.527139,3316759.922535,,,,,4230.970327536628,962392.2028547,-764.6160902131759,-21.627188159716525,8821.804336421244,,,-363.8330229152016,-3.960890340890666
2014-10-01,8790.920103836674,5.8606134025577825,7839.069332678096,70.74591234403,13.359276456600638,866.7705965699507,901.8375575516689,1750.183376902154,193.53926592000005,600.0567071720749,59.72336616461948,547674.307748,3351268.176702,,,,,4230.970327536628,962392.2028547,-848.345819350485,-54.749846258410116,8790.920103836674,,,-30.884232584570782,-0.35008974816028715
2014-11-01,8330.88205481358,5.553921369875721,7365.591721912065,70.07163129384,9.25504764517636,884.9558162589823,921.1614324694976,1646.8201108412436,190.59580584000005,619.2519676205568,43.330000000000005,551849.9379690001,3398549.0459780004,,,,,4230.970327536628,962392.2028547,-725.658678371746,84.18909508881097,8330.88205481358,,,-460.03804902309275,-5.233104653315134
2014-12-01,8208.41,5.472273333333333,7236.246559593665,69.33322415370999,9.158906440846543,892.7071157494242,1005.11543783744,1797.463646193876,284.43153024,708.8399889603842,12.397221181324385,577911.98693,3460557.80413,,,,,4045.9427475253624,996662.490404,-792.348208356436,200.92331084394823,8208.41,,,-122.47205481358105,-1.4700970918537615
2015-01-01,7252.429999999999,4.834953333333333,6272.15,67.47,8.91,902.96,920.4476963793944,1681.638791031421,258.96368285999995,523.519712878593,0.9048715580525766,576104.549278,3467555.676991,,,,,4045.9427475253624,996662.490404,-761.1910946520267,21.292301086566567,7252.429999999999,,,-955.9800000000005,-11.646348074718492
2015-02-01,7420.4554996301695,4.94697033308678,6477.158042591045,67.3510565931,9.022894577776764,865.9868701999247,907.2515049439392,1529.5265400541437,274.3693088099999,511.6433953413521,27.157818525356724,582954.210491,3492558.750338,,,,,4045.9427475253624,996662.490404,-622.2750351102045,163.73766904114746,7420.4554996301695,,,168.0254996301701,2.3168165653466577
2015-03-01,6819.545505227352,4.5463636701515675,5894.962838339052,66.0158940021,8.84528254195645,848.8034228398043,1068.1060192583625,1580.9272446218558,260.29789790999996,644.2602425886938,10.544939926328809,619560.667225,3553629.065269,,,,,3813.845822658584,1150778.387611,-512.8212253634933,391.7369151352002,6819.545505227352,,,-600.9099944028176,-8.09802032277892
2015-04-01,7454.631473478869,4.96975431565258,6521.749265632507,67.3046369618,14.776070733848243,849.3079943899172,716.9613847423697,1490.4509529838303,202.56367797,585.9398490044716,6.2756059521261705,612655.3409749999,3593405.460566,,,,,3813.845822658584,1150778.387611,-773.4895682414607,15.013958733010895,7454.631473478869,,,635.0859682515174,9.312731585480405
2015-05-01,6845.77,4.563846666666667,5915.14,66.54,11.68,851.51,886.0799616559248,1585.454308617008,188.16409989,537.735348282721,13.285780092106933,589812.1153010001,3641271.029784,,,,,3813.845822658584,1150778.387611,-699.3743469610833,26.525101211637775,6845.77,,,-608.8614734788689,-8.167559666027735
2015-06-01,7525.485379478358,5.016990252985572,6606.369917062229,67.3032013031,11.815671215645803,839.055275989828,945.5608430207932,1678.7413939501655,191.37616047,629.565391314044,-13.343004924055002,608045.12845,3677477.756052,,,,,4162.02452008357,1077714.294986625,-733.1805509293723,87.76100085467169,7525.485379478358,,,679.7153794783571,9.928983583707263
2015-07-01,6808.550649772876,4.53903376651525,5957.693245296405,66.743772963,9.044656539145263,774.0963425498503,937.1303438840304,1533.8807808781642,291.37930764,599.2998373972191,-4.830728168170282,630331.503973,3732237.659718,,,,,4162.02452008357,1077714.294986625,-596.7504369941338,293.9287080430854,6808.550649772876,,,-716.9347297054819,-9.52675732598629
2015-08-01,6457.719028229418,4.305146018819612,5572.66120594564,67.179256102,9.102524183489187,807.7567506599404,802.1047080460835,1523.3760244315254,276.14108009999995,566.0370747735901,-32.15968804631892,637226.513268,3783870.194706,,,,,4162.02452008357,1077714.294986625,-721.2713163854419,120.9068384881482,6457.719028229418,,,-350.8316215434579,-5.15280915998122
2015-09-01,6783.679258500682,4.522452839000455,5907.996188318565,67.17638478459999,9.1045579805808,798.3127981798227,853.1930077327272,1582.7227992084577,237.62950134,584.176236722284,1.3363103368508007,640491.39929,3821803.415061,,,,,3271.830478101733,1153493.607284,-729.5297914757305,92.27594658655335,6783.679258500682,,,325.96023027126466,5.0476062654066345
2015-10-01,6480.684974502037,4.320456649668025,5587.216574092876,66.84762033917,9.058794162850717,816.5994966098302,850.7400210189741,1638.2704551726467,219.2421948,605.1425603891124,-1.2728683657532258,,,,,,,3271.830478101733,1153493.607284,-787.5304341536727,36.85432103543985,6480.684974502037,,,-302.9942839986452,-4.4665184253657175
2015-11-01,7281.211071319568,4.854140714213045,6451.444499890437,65.66559465147,6.670379080575061,756.4681083997755,838.4221305919958,1464.8793205654338,238.91067926999995,574.464192736019,-0.4428710774356261,651125.380073,3945725.864658,,,,,3271.830478101733,1153493.607284,-626.457189973438,186.91768203258107,7281.211071319568,,,800.5260968175307,12.352492058588949
2015-12-01,7303.637753940239,4.86909183596016,6469.407966310271,66.31451239743,6.737492701993582,760.2041775298603,820.500899422696,1644.7273874133791,341.61540474,618.5176333174204,-3.440817615831932,673431.824058,4057212.124732,,,,,3372.692458002465,918336.7397433412,-824.2264879906832,135.90655006673728,7303.637753940239,,,22.426682620671272,0.30800758831190933
2016-01-01,6294.321468539339,4.196214312359559,5423.005238521006,66.0642292255,6.713255529744546,797.5720258499118,898.5946185751349,1589.1274650552757,333.31453919999996,563.4316940355515,-18.88047478137486,718561.431856,4102951.632565,,,,,3372.692458002465,918336.7397433412,-690.5328464801408,206.2133867554105,6294.321468539339,,,-1009.3162854009006,-13.81936398552056
2016-02-01,6573.369087438172,4.3822460582921146,5616.736906599328,66.10299201121,6.824115805846567,881.5525555999861,891.5970221812355,1439.3103148514124,339.17688108,554.1924570180978,8.781888957791374,739336.3821836,4158409.5121876,,,,,3372.692458002465,918336.7397433412,-547.7132926701769,345.65604542792084,6573.369087438172,,,279.0476188988332,4.433323278666101
2016-03-01,6221.186356293166,4.147457570862111,5259.558915701182,67.41949106662,6.961235082625935,886.2643025499652,949.011635083698,1566.028121829301,330.84573323999996,675.7404718166489,-2.401952734517458,791618.1479689999,4206398.9140180005,,,,,3113.194375755814,969827.1808411,-617.016486745603,389.5697183110458,6221.186356293166,,,-352.1827311450061,-5.357720317546654
2016-04-01,6068.525257617199,4.045683505078133,5079.216924212857,67.82673959303,6.984874374828297,913.5118410599722,710.3897803653814,1460.8906891889208,233.95667987999997,578.0044486161236,-6.992528914842932,763101.95354393,4242061.199202931,,,,,3113.194375755814,969827.1808411,-750.5009088235394,61.46021967258412,6068.525257617199,,,-152.66109867596697,-2.453890462894426
2016-05-01,5645.141094794298,3.763427396529532,4705.223632215986,67.13523063808,5.471434500437177,866.3386006198972,780.1272098015405,1589.8369421072923,214.53048816,597.2366386830122,-17.77449497057571,733268.150606,4241083.001838,,,,,3113.194375755814,969827.1808411,-809.7097323057518,2.0573945372605067,5645.141094794298,,,-423.3841628229011,-6.9767224300742665
2016-06-01,5292.27,3.5281800000000003,4277.7,66.94,4.11,942.55,900.5619459385096,1675.802035776332,202.51071431999995,644.480992933533,-3.632252005446034,757159.32989193,4310482.36465593,,,,,2907.969612010151,1020196.62701831,-775.2400898378226,71.7516174157106,5292.27,,,-352.8710947942973,-6.250881755988347
2016-07-01,6489.187703676498,4.326125135784332,5451.791092031718,66.68060537358001,5.492596671936674,964.2565345400168,891.5439655383419,1432.798930567194,359.17094963999995,572.7679136535048,10.098365652837074,774495.69149517,4394704.73125217,,,,,2907.969612010151,1020196.62701831,-541.2549650288521,390.6838982646527,6489.187703676498,,,1196.9177036764977,22.6163386160664
2016-08-01,6598.941049091874,4.399294032727917,5586.730425703543,66.7246322413,4.080487312667312,940.4373046600052,866.3099109246001,1649.0886004680874,319.60314431999996,618.2873505229056,6.72736667415591,785691.0509984,4434839.1879994,,,,,2907.969612010151,1020196.62701831,-782.7786895434873,155.1118052994184,6598.941049091874,,,109.75334541537632,1.6913264098246783
2016-09-01,6455.718499925342,4.303812333283561,5434.128937663378,66.79689373071,4.086190517461111,949.6951694000048,897.8775700778094,1508.2611045601425,254.77082436,577.8753625923472,5.055995843146128,793736.3822349799,4551940.22521998,,,,,3171.4895549904704,993726.61593682,-610.3835344823331,222.26265247001402,6455.718499925342,,,-143.2225491665322,-2.170386856028095
2016-10-01,6053.842609846051,4.035895073230701,5071.877567724941,65.75,4.023167232248938,911.1964802199118,855.0431213174927,1723.5223677947777,258.0648531599999,607.532058283979,8.263228902220327,792756.39764292,4616764.43785792,,,,,3171.4895549904704,993726.61593682,-868.479246477285,-2.882335033305935,6053.842609846051,,,-401.8758900792909,-6.225114835535939
2016-11-01,5644.133101910387,3.762755401273591,4727.600285827104,64.78457874416,2.039137112153782,848.7282595199055,809.6505412056308,1732.0802257051048,286.88417387999993,567.3784015429475,2.041111139064917,798968.06047192,4683234.99907192,,,,,3171.4895549904704,993726.61593682,-922.429684499474,-68.16710907652669,5644.133101910387,,,-409.7095079356641,-6.767759493273029
2016-12-01,6019.035611001512,4.0126904073343415,5121.224243693658,64.33330335003001,2.0267083299205875,830.4773471998664,859.0316990634382,1816.0953106251125,385.66043124,684.6037351582894,27.79739731246515,856146.73752292,4823559.07325292,,,,,3692.3127827922963,981211.41062312,-957.0636115616743,113.20055483661508,6019.035611001512,,,374.90250909112456,6.642339971823663
2017-01-01,5453.161533649116,3.635441022432744,4527.544328579585,65.02720506953,2.05,857.56,864.7176173932837,1798.9439527053685,406.80882336,670.2874237389387,-10.988898759939438,828469.0959526402,4866011.09177864,,,,,3692.3127827922963,981211.41062312,-934.2263353120848,142.8699117868539,5453.161533649116,,,-565.874077352396,-9.401407699235055
2017-02-01,5634.658678738561,3.7564391191590407,4673.162795520925,64.79079993199001,0.1483024169528925,895.5758464400001,867.8069877581088,1611.159888432676,366.300411942,598.086845291198,59.56740481362763,847628.23680664,4951313.42308164,,,,,3692.3127827922963,981211.41062312,-743.3529006745673,221.03435655863063,5634.658678738561,,,181.49714508944544,3.328292110356612
2017-03-01,5117.259154753076,3.411506103168717,4162.082811168235,64.93245159335,0.1550960915885633,889.105719089942,1041.818219027803,1869.3224849354765,348.791831976,643.058386094087,36.743060956141385,892163.73396364,5096203.21065164,,,,,3549.2571767245527,1108282.42926364,-827.5042659076735,164.3459521624136,5117.259154753076,,,-517.3995239854858,-9.182446594996186
2017-04-01,5048.0818935876005,3.3653879290584,4072.7085090059904,65.61056106682,2.203717299057116,906.565758549967,794.6621201873861,1603.8822114429377,297.18593697399996,487.94389290657216,71.09462472106453,885559.6853184,5146803.9172141105,,,,,3549.2571767245527,1108282.42926364,-809.2200912555516,-24.09026137497949,5048.0818935876005,,,-69.1772611654751,-1.3518420520332808
2017-05-01,6759.704093553758,4.5064693957025055,5787.15335852223,66.24703643712,0.2021891810963934,905.09852834,841.2448575017796,1724.7493989305217,226.050028666,600.7025576092499,34.66303835557517,859794.0527094,5214380.929141399,,,,,3549.2571767245527,1108282.42926364,-883.5045414287421,-56.75195515349242,6759.704093553758,,,1711.6221999661575,33.90638733774052
2017-06-01,6959.025226455214,4.6393501509701425,6001.131222609536,66.58537334449,0.2643728567345508,890.0361577499838,987.3032456286518,1540.9314766078398,228.757636626,590.8851105181104,38.235334380373345,891639.1789684,5281417.0975604,,,,,3492.9752828858054,1119798.9739854,-553.6282309791881,266.01451616492227,6959.025226455214,,,199.3211329014557,2.9486665413584356
2017-07-01,6710.485696665525,4.47365713111035,5730.392327950454,67.36828590525,4.677729368738812,907.0273992699432,1015.1819586445046,1591.1295797476996,381.071711532,629.2901463776334,23.430423045610972,894630.157963,5367002.748998,,,,,3492.9752828858054,1119798.9739854,-575.947621103195,434.4142368064381,6710.485696665525,,,-248.53952978968846,-3.5714704531440433
2017-08-01,7693.548007249217,5.129032004832812,6687.995900647561,67.63818974649,2.3000194383452577,934.5898554999836,1000.642691482216,1856.9005983045895,354.08094012799995,599.8838418158387,75.53302821188832,911389.44546716,5423036.51866216,,,,,3492.9752828858054,1119798.9739854,-856.2579068223735,97.70687512146515,7693.548007249217,,,983.0623105836921,14.64964467582699
2017-09-01,7279.835590729757,4.853223727153171,6286.795877332948,67.6338827703,2.31564104536986,922.021776260024,1011.0255494559292,1666.6539924369974,269.04906850199995,537.7758451288071,-62.151406388666835,909006.31173116,5503149.36343616,,,,,4641.915677449527,1114844.0648241602,-655.6284429810682,151.19647064973879,7279.835590729757,,,-413.71241651946,-5.377394358618948
2017-10-01,7500.7921236637585,5.000528082442505,6517.448724071269,67.22184871479,2.3172059620372383,912.7424398499776,975.579814448642,1727.2388159062466,282.68354365399995,546.2579003477305,12.8089110817792,915381.11837076,5532506.133147759,,,,,4641.915677449527,1114844.0648241602,-751.6590014576046,77.28244254412584,7500.7921236637585,,,220.9565329340012,3.0351857563290396
2017-11-01,7335.117235752753,4.890078157168502,6346.838677211015,67.73533598722,2.404223864175615,917.0689796699124,940.93201101918,1940.383346169578,310.653504786,588.3876285496235,-11.446133917611398,911617.2841932,5549947.4724762,,,,,4641.915677449527,1114844.0648241602,-999.4513351503981,-100.41020181477461,7335.117235752753,,,-165.6748879110055,-2.208765223453246
2017-12-01,7958.65303040954,5.305768686939693,6956.896962901672,68.15215557183,4.461255354629338,928.0660489800778,1019.5029136734678,2048.499456865169,453.498369936,671.3964371688033,11.094075232836587,939793.2900062,5665313.2216612,,,,,5286.2192785923635,1058733.2390252,-1028.9965431917012,95.8982639131018,7958.65303040954,,,623.5357946567874,8.500692962582178
2018-01-01,7669.98,5.11332,6634.43,69.64,4.57,960.24,965.3701425744972,2014.4907176540169,448.4699049600001,729.3548966460536,36.847114685723426,929983.2575735,5739013.6831345,,,,,5286.2192785923635,1058733.2390252,-1049.1205750795198,128.70422652653406,7669.98,,,-288.67303040954084,-3.62715938622451
2018-02-01,7922.369345490189,5.2815795636601255,6906.460348361344,69.19348670398999,0.5508532030117009,945.0716049400214,915.650345321389,1977.993103576892,442.26441072000006,571.5002263413448,17.62064212157992,938134.0770483,5826696.2008793,,,,,5286.2192785923635,1058733.2390252,-1062.3427582555032,-48.57812119415803,7922.369345490189,,,252.38934549018904,3.2906128241558585
2018-03-01,7319.749709742925,4.879833139828617,6353.255340874654,69.56580086797,0.5747538186977653,894.923657379987,1107.6632607514034,1978.5218342628232,438.06734928,677.6961157626178,-35.68808412847284,997245.0809343,5995488.7400963,,,,,6130.2450836666685,1158336.9826233005,-870.8585735114198,244.90489153119825,7319.749709742925,,,-602.6196357472636,-7.606558208376201
2018-04-01,9935.768813397091,6.623845875598061,9018.446439443143,68.8063373998,5.324518391101833,841.4911356600456,795.0546716824356,1793.6278037230777,338.67245016000004,541.1780994671594,28.440075615858028,1000061.3884073,6043711.5501183,,,,,6130.2450836666685,1158336.9826233005,-998.5731320406421,-118.72258241348254,9935.768813397091,,,2616.0191036541664,35.73918791474693
2018-05-01,8808.916585622243,5.872611057081495,7904.846754078268,67.79444061654122,2.140059083990132,833.3100028800051,923.7576297403432,1856.9579551295597,243.01286064,580.4019949922705,5.497714498099782,973369.18639206,6047724.74909206,,,,,6130.2450836666685,1158336.9826233005,-933.2003253892165,-109.78546975694576,8808.916585622243,,,-1126.8522277748489,-11.3413692381352
2018-06-01,9267.017122111823,6.178011414741215,8392.154119907551,67.31181666187001,6.242433202441807,799.9787523399611,1024.3682844569344,1819.4798365092513,275.6020291200001,523.6405184273614,0.3440872527689578,998632.38779006,6120848.14320706,,,,,6168.318902098071,1160848.17622106,-795.1115520523169,4.130995495044544,9267.017122111823,,,458.1005364895809,5.200418599005507
2018-07-01,8429.671933126869,5.619781288751246,7573.217618767607,67.23046266717,6.25694530508725,781.8059082299837,1073.1643006891263,1754.4651588528998,408.87374616000005,619.2971944301521,-2.7141723529615227,1001383.75414265,6160766.20263865,,,,,6168.318902098071,1160848.17622106,-681.3008581637735,346.87008242637853,8429.671933126869,,,-837.3451889849548,-9.035757439003579
2018-08-01,8584.53782202296,5.723025214681973,7747.180926111737,67.06392625449,0.5033619753235307,768.6943816199613,1037.3606140149984,1887.11736795169,376.0818573600001,534.1970182243219,-6.097873012514846,1004713.21787977,6243718.771998771,,,,,6168.318902098071,1160848.17622106,-849.7567539366917,60.52212164763023,8584.53782202296,,,154.86588889609084,1.8371520282717047
2018-09-01,7164.0793420685,4.7760528947123335,6334.38813801603,66.77009476775001,0.5268343065378865,760.5579544899115,1055.2146080861978,1768.4101377475615,279.84226248000004,499.5686117071165,-6.924404831697,1010541.7800707732,6284450.794413633,,,,,5915.783930562369,1109662.120216773,-713.1955296613637,66.21534452575293,7164.0793420685,,,-1420.458479954459,-16.54670885496461
2018-10-01,7903.305318148267,5.268870212098845,7052.688845718352,66.14223334983001,7.457966305531649,775.8089654699437,979.096089464566,1882.473484503176,287.41799592,599.092454277415,-36.47408671754303,998428.09059384,6325969.72378184,,,,,5915.783930562369,1109662.120216773,-903.37739503861,-16.866944841194936,7903.305318148267,,,739.225976079767,10.318506269729966
2018-11-01,7005.322478512801,4.670214985675201,6157.338179805389,66.19487416993,1.211076776059197,779.4872843699247,979.5512009150912,1764.6054092036552,367.11523728,555.0423235268939,-30.090089875234963,941606.80299147,6355317.27921547,,,,,5915.783930562369,1109662.120216773,-785.054208288564,137.10335251832998,7005.322478512801,,,-897.982839635466,-11.362117538005755
2018-12-01,6919.216639148527,4.612811092765685,6037.501839134236,66.55666016989,1.2440755283051743,819.0616756199594,1033.3831084516703,1734.5814769958135,475.20833976000006,584.450098589887,-26.151820086904127,961096.3126233498,6427329.58494486,,,,,5420.218950447448,1146462.22402635,-701.1983685441432,358.4600698057436,6919.216639148527,,,-86.10583936427429,-1.2291488311692134
2019-01-01,6152.196208752774,4.101464139168516,5233.016344041145,67.0309061037,7.162722981816052,843.8158291199625,1038.1468507890256,1655.458756514842,460.339713288,545.3254992794382,-14.073453339407244,949128.52754302,6419135.37340702,,2.7,,,5420.218950447448,1146462.22402635,-617.3119057258164,388.3533068416218,6152.196208752774,,,-767.0204303957535,-11.085365156165173
2019-02-01,6035.155009941658,4.023436673294439,5126.769343705842,66.90073971218,0.36618128928,838.7577048799386,981.119883809676,1432.39631128465,475.029782136,500.492162671479,-14.736943459883388,963038.46737202,6470529.0490671005,,2.4,,,5420.218950447448,1146462.22402635,-451.27642747497396,524.245517332505,6035.155009941658,,,-117.04119881111546,-1.9024295526303248
2019-03-01,7629.241941007436,5.086161294004958,6735.910333353807,66.43510773075,0.4227822941961051,825.3779444099246,1136.862305459054,1729.043562407311,460.507459776,571.431009617002,-4.9763477037895285,962938.29937811,6550042.1245630905,,3.0,,,5202.944496861519,1288594.81723711,-592.181256948257,439.75721244474494,7629.241941007436,,,1594.0869310657781,26.413355223517087
2019-04-01,7213.972057497156,4.809314704998104,6319.458995818522,66.31594805616001,7.371788729091335,819.7322602799442,798.1056022403444,1595.57292195424,314.7131442,553.6920420435212,10.007029799571692,924228.9347304,6585518.9184594,,4.5,,,5202.944496861519,1288594.81723711,-797.4673197138956,70.93786652962558,7213.972057497156,,,-415.2698835102801,-5.443134281509543
2019-05-01,6722.612629789063,4.481741753192709,5824.361518627588,65.92640598742001,7.746770106639707,833.8081514799946,961.0197730366248,1783.6946109147184,71.248907184,562.1201492822893,3.7402092397539306,849420.1056575101,6621379.792132511,,4.1,,,5202.944496861519,1288594.81723711,-822.6748378780936,-189.30578141180422,6722.612629789063,,,-491.3594277080929,-6.811218892890569
2019-06-01,8864.984523119312,5.909989682079542,7890.880177001172,66.52890410111,7.353092312401438,900.2119984800819,1083.954426800322,1399.8439347672734,118.877601024,536.6275845682627,9.9162063191689,874533.05542026,6661231.0480335895,,4.7,,,5147.713086727778,1216128.07580866,-315.88950796695144,339.61567762531104,8864.984523119312,,,2142.371893330249,31.86814429611826
2019-07-01,8347.063830786541,5.564709220524361,7356.831309321293,65.82112434722,14.594122174711115,902.9103034000976,998.5344346682732,1715.9194214006632,218.072319192,625.6805908103535,43.8725069556948,888419.20198612,6697443.465046121,,4.4,,,5147.713086727778,1216128.07580866,-717.38498673239,126.36792326996351,8347.063830786541,,,-517.9206923327711,-5.842319193926027
2019-08-01,8523.712277937197,5.682474851958131,7494.660601122992,65.48230888693999,7.290010138029388,956.8327472800836,1032.5052702891876,1573.6060230957069,270.63162890399997,518.2479690698589,-11.97406279243592,913417.56091775,6733743.01224375,,4.6,,,5147.713086727778,1216128.07580866,-541.1007528065193,247.77884516733957,8523.712277937197,,,176.64844715065556,2.11629443276955
2019-09-01,7635.331963594275,5.0902213090628505,6631.671242422526,65.24159677321,7.29165432272439,926.696902230068,953.7545302038528,1710.5377216240204,204.64129139999997,516.2660983194008,-6.897463192894378,914667.48712855,6761262.46182704,,4.8,,,5314.878980145033,1291584.97654455,-756.7831914201676,-35.875801700766715,7635.331963594275,,,-888.3803143429213,-10.422457790397354
2019-10-01,7780.083013603978,5.186722009069318,6752.639899860887,66.01110985249,7.406435889843259,952.1819402501416,977.2802613026088,1815.7250913912596,223.80585645599996,607.0442233570847,-9.582961989095864,908358.32139329,6743724.63057722,,5.0,,,5314.878980145033,1291584.97654455,-838.4448300886509,-7.594750275566184,7780.083013603978,,,144.75105000970234,1.895805587758126
2019-11-01,7520.452982431865,5.013635321621243,6523.900823304263,65.7005290139,7.247737928265381,916.4827482101044,978.7856206740918,1741.0910335719382,333.578027328,515.26123914573,-35.58933272618159,918913.17730365,6790393.417525949,,4.1,,,5314.878980145033,1291584.97654455,-762.3054128978464,86.53385357588354,7520.452982431865,,,-259.63003117211247,-3.3371113228243487
2019-12-01,7642.393000751939,5.0949286671679594,6616.372127385561,66.17573205353,7.3240043404767325,954.8786531201208,999.9429518693604,1784.1899823205383,455.484489096,665.0234761837822,-4.582105722494454,932604.45858259,6912709.91330859,,4.8,,,5692.529476870899,1294100.52367259,-784.2470304511779,336.2609348286044,7642.393000751939,,,121.94001832007416,1.621445125778087
2020-01-01,7512.733529432759,5.008489019621839,6513.971348897472,65.89434294245,7.3168494705418095,935.5511019801118,1004.8850926174435,1735.327088426726,307.03928157,580.9276408043164,-15.78161491305238,935557.97750319,7001065.79162019,,4.7,,,5692.529476870899,1294100.52367259,-730.4419958092825,157.52492656503387,7512.733529432759,,,-129.65947131918074,-1.6965820955088695
2020-02-01,7941.515070351391,5.2943433802342605,7545.645533609353,65.71871402448001,0.4829395746671904,341.5418752401859,988.5170201257566,1562.32383699017,278.911196235,527.32246625236,-5.9508556519039715,963282.84221436,7081610.69044636,,5.5,,,5692.529476870899,1294100.52367259,-573.8068168644135,232.42684562294653,7941.515070351391,,,428.78154091863234,5.707397170933692
2020-03-01,7533.736569408685,5.022491046272457,7125.383680076962,65.3129011568,0.5003688724843373,339.7089058301294,656.2184495098973,1205.0492034876245,95.92877384999998,492.0915681614186,-6.394105756532692,1013796.97036736,7335947.771035389,,5.9,,,6276.2513130707775,1491636.7953483602,-548.8307539777272,39.18958803369128,7533.736569408685,,,-407.77850094270616,-5.134769591574462
2020-04-01,7209.520101152639,4.806346734101759,6765.56143985292,65.27126705363001,7.333068418113456,369.05030490017214,282.3103443550165,1122.60696271443,0.0,375.0192363972781,0.0,1021589.43738936,7466097.77070476,,5.2,,,6276.2513130707775,1491636.7953483602,-840.2966183594135,-465.27738196213534,7209.520101152639,,,-324.216468256046,-4.303528073606289
2020-05-01,6499.857251537734,4.333238167691823,6057.850264729003,65.65841635782,2.6299482953587225,372.68285724327853,586.6872740660409,993.8228128748568,0.0,431.75753243500594,-36.337742745604274,996539.39241236,7523813.558629831,,4.0,,,6276.2513130707775,1491636.7953483602,-407.1355388088159,24.621993626190033,6499.857251537734,,,-709.6628496149051,-9.8434131489757
2020-06-01,6694.648013475818,4.463098675650545,6241.060018930219,65.8345238287,2.6457379394990546,383.60205665824697,894.1352989903875,1055.4512879435238,0.0,572.4980030213977,-46.382457592272466,868952.7176237201,7604127.203700861,,4.4,,,5899.732191815758,1775516.64086172,-161.3159889531363,411.1820140682614,6694.648013475818,,,194.79076193808396,2.9968467675501653
2020-07-01,7095.831822594811,4.73055454839654,6600.583277571981,67.62287605337,6.40056271903575,425.58277158828054,1085.021074654558,1293.6943139058217,0.0,702.08852611799,-18.13110110496088,878831.80684588,7717772.247006364,,5.0,,,5899.732191815758,1775516.64086172,-208.67323925126357,493.41528686672655,7095.831822594811,,,401.18380911899294,5.992604963120396
2020-08-01,7430.083006707859,4.953388671138573,6934.378154304188,67.90235095281,2.672858479221796,423.8456506982248,947.2286171577184,1289.0880100856452,0.0,664.4567732301396,-43.67157340234615,879828.42320082,7858435.8697138205,,6.3,,,5899.732191815758,1775516.64086172,-341.8593929279268,322.59738030221274,7430.083006707859,,,334.2511841130481,4.710528553519455
2020-09-01,6666.320938200717,4.444213958800478,6188.892442954664,67.35967195287,2.6534402492217675,406.18689604818616,1000.0421286057492,1524.8849953792833,0.0,702.6503317634936,-41.85937830323985,891389.35956982,8027070.18605123,,4.8,,,4856.153674384205,1911071.23460182,-524.8428667735341,177.8074649899595,6666.320938200717,,,-763.7620685071415,-10.279320807285997
2020-10-01,5855.74394110227,3.903829294068179,5379.255426028151,67.55444298724001,6.333327135508758,402.2603351282228,854.2753709427261,1362.7803874142037,0.0,630.7136177195367,20.900537539186516,928387.57977003,8166460.981770441,,4.1,,,4856.153674384205,1911071.23460182,-508.5050164714776,122.20860124805904,5855.74394110227,,,-810.5769970984475,-12.159285528146613
2020-11-01,5555.275602812615,3.703517068541744,5101.119316154276,68.43737310619001,2.582634335089562,382.73737945816424,783.6559445593846,1383.7005110189446,0.0,611.6708594744056,-15.114373162465776,936256.74066984,8264614.33337825,,4.0,,,4856.153674384205,1911071.23460182,-600.04456645956,11.626293014845714,5555.275602812615,,,-300.46833828965464,-5.131172764926184
2020-12-01,5664.265569350756,3.7761770462338378,5185.147154450685,68.92453996857,2.603506028406858,408.8878874695427,964.4508442734063,1526.64703331917,0.5282332650000001,812.7378063911985,-16.495368014839716,964439.73323794,8495788.28876337,,4.2,,,4446.663995049526,2198264.83208594,-562.1961890457637,251.06985061043474,5664.265569350756,,,108.98996653814083,1.9619182616783082
2021-01-01,4841.863004371764,3.227908669581176,4365.344107248174,68.9499032728,6.641043437161345,397.9654571982893,936.6622814854384,1591.5901970507057,4.3837293200000005,675.3390054353866,-44.003006983881875,975897.11785027,8600018.59466923,,4.2,,,4446.663995049526,2198264.83208594,-654.9279155652673,24.794819190119142,4841.863004371764,,,-822.4025649789919,-14.519138534552445
2021-02-01,4582.993424023525,3.055328949349017,4125.455237273178,68.87668467757,2.7683636392693596,381.3599599782282,951.724574048446,1523.603972592037,8.77267116,579.6821699858931,-25.57433985497059,978089.65616732,8706197.86802632,,5.1,,,4446.663995049526,2198264.83208594,-571.879398543591,16.575442602302246,4582.993424023525,,,-258.86958034823874,-5.346487088017627
2021-03-01,4055.2,2.7034666666666665,3610.656765418401,67.82099695811,2.7284500040483897,367.82484816836205,1093.7738520883445,1925.9318375289247,11.939277059999997,612.039426055064,-21.36481840454868,1028599.34983621,8860584.061792819,,5.5,,,3491.394366421743,2523720.98679441,-832.1579854405802,-208.17928232551617,2555.2,,,-527.7934240235254,-11.516346963469182
2021-04-01,4470.738472224253,2.9804923148161686,4013.2218831923983,68.71971932309,6.491208970121892,381.05302913827904,818.1842602092861,1706.9720121710045,10.86289168,518.7544137326089,-15.948792751161028,1031144.38090354,8944644.373077359,,5.5,,,3491.394366421743,2523720.98679441,-888.7877519617184,-359.17044654910933,2970.738472224253,,,415.5384722242534,10.247052481363529
2021-05-01,4032.831217910092,2.688554145273395,3548.5948506768955,69.13510324897,2.9301115227978944,410.72193390837094,891.7032201204976,1607.4340540931253,3.90157122,460.114150675105,-11.93809272677704,1036010.01184011,9016772.20974011,,5.0,,,3491.394366421743,2523720.98679441,-715.7308339726277,-251.7151120775227,2532.831217910092,,,-437.90725431416104,-9.794964680550777
2021-06-01,4060.0459080962846,2.7066972720641895,3599.194420172977,68.26174418822,8.643235091091306,381.2641113983378,1007.0147013013268,1659.2043487791664,4.206503639999999,478.4486578808749,-5.7246997901794945,1065064.2538483602,9136219.72275236,,5.2,,,2093.2135071190814,2703143.00118536,-652.1896474778396,-169.53448595696477,2560.0459080962846,,,27.214690186192456,0.674828395131688
2021-07-01,2805.884166609781,1.8705894444065208,2334.4217196247946,68.37420412207001,12.231014168869384,390.7574285982992,1103.9334293875042,1710.0957416175922,6.33060554,453.2632668392378,-40.83494497596533,1063865.93498914,9269581.34104814,,6.0,,,2093.2135071190814,2703143.00118536,-606.162312230088,-146.56843985085015,1305.884166609781,,,-1254.1617414865036,-30.89033399808446
2021-08-01,3543.508985941734,2.362339323961156,2954.224646512238,68.15837675966,129.3,390.6357332184286,1101.034874644722,1686.6675039530146,13.1355504,446.6176342664486,-15.934678878405236,1089265.63721614,9412400.623723725,,6.0,,,2093.2135071190814,2703143.00118536,-585.6326293082925,-125.87944464184397,2043.508985941734,,,737.624819331953,26.288498581293563
2021-09-01,2704.1872990039246,1.8027915326692832,2129.1970316576635,67.42188383117,127.9,378.4306550668372,1034.4575246293707,1526.032657370234,35.307004219999996,353.22780133179384,-33.73034693308381,1295955.78850114,9448987.05630214,,6.2,,,1844.8171483731737,3125644.17555214,-491.5751327408632,-103.04032718906933,1204.1872990039246,,,-839.3216869378093,-23.686173515226706
2021-10-01,2269.211946488995,1.5128079643259968,1687.732932944309,67.73342177558001,128.5,384.1223375883549,1192.3364394091789,1694.2769255028936,59.34714646,317.38781426512065,-7.068704915995532,1286440.88917625,9535950.16260725,,7.6,,,1844.8171483731737,3125644.17555214,-501.94048609371475,-125.20552536859418,769.2119464889952,,,-434.97535251492945,-16.08525240374994
2021-11-01,1588.37233054694,1.0589148870312934,1014.6678115731258,67.03569163280001,123.7,382.21398159832785,1211.4690722829191,1764.628143730678,115.44168044,271.43416537213164,-19.791528233488307,1287802.8704132398,9510655.13616524,,9.9,,,1844.8171483731737,3125644.17555214,-553.1590714477588,-166.2832256356271,88.37233054694002,,,-680.8396159420552,-30.003350590299604
2021-12-01,3139.2264604363068,2.092817640290871,2771.950604309453,66.97778673069,123.55832378048096,175.37950520835307,1156.2853341767309,2240.979740627027,233.27590756,325.155964755842,3.932546640748423,1305808.68900562,9638905.35845862,,12.1,,,1525.6706771282813,3139997.462827621,-1084.694406450296,-526.262534134454,1639.2264604363068,,,1550.8541298893667,97.63794672470438
2022-01-01,2361.645210710561,1.574430140473707,2079.0822190842528,66.60403690798,122.87020477320132,92.01475891839098,1102.6034670306735,1959.383635296777,151.7358399144,259.2224004013944,36.31403484733201,,,,14.2,,,1525.6706771282813,3139997.462827621,-856.7801682661034,-445.8219279503089,861.6452107105611,,,-777.5812497257457,-24.769836121274068
2022-02-01,2311.250466948733,1.5408336446324886,2026.211458689099,66.75143120426,119.54321698144474,97.6679900699851,1093.3378369012546,1872.9492863064163,169.40481704100003,204.92486303716285,48.689636777760136,,,,15.1,,,1525.6706771282813,3139997.462827621,-779.6114494051617,-405.28176932699876,811.250466948733,,,-50.39474376182807,-2.1338829191310027
2022-03-01,1917.0,1.278,1701.5156177668896,66.1551542784,118.4771662909726,29.32275347996655,1058.2320434309793,1818.9123121575751,161.2374855,318.4002148284584,5.470861243674474,,,,18.7,,,1525.529948208797,3231135.30655243,-760.6802687265958,-281.0425683981375,417.0,,,-394.250466948733,-17.05788587548517
2022-04-01,1812.0,1.208,1602.2132233302032,64.3318676913,115.19728005431384,28.727127709960502,970.9060449924372,1698.9619799051154,108.6590791,248.94295927029472,1.5183353781939788,,,,29.8,,,1525.529948208797,3231135.30655243,-728.0559349126783,-370.4538965423835,312.0,,,-105.0,-5.477308294209704
2022-05-01,1887.0,1.258,1776.443218752245,64.59028626269999,16.728281250120986,27.82959905998447,1048.30075887742,1451.4641465787,43.53804386099999,304.13890450622404,0.4344407444170803,,,,39.1,,,1525.529948208797,3231135.30655243,-403.1633877012798,-55.48643933405583,387.0,,,75.0,4.139072847682113
2022-06-01,1854.0,1.236,1745.8068806701,63.54129828398,16.463361118497374,27.373033419973755,,,45.0127134288,274.30161465382605,-0.0108731115421263,,,,54.6,,,1516.000720146794,3357437.8777204296,,319.31432808262605,354.0,,,-33.0,-1.748807631160576
2022-07-01,1817.0,1.2113333333333334,1709.2536743990577,63.341263167600005,16.41826927392439,26.74438465997783,,,85.0266091584,279.473219110128,2.172483433461323,,,,60.8,,,1516.000720146794,3357437.8777204296,,364.499828268528,317.0,,,-37.0,-1.9956850053937436
2022-08-01,1717.0,1.1446666666666667,1619.7293473292389,62.27600438994,8.453476079115822,25.91562865996766,1225.3706146436166,1485.870236308291,67.94319168,325.35725286826,2.583559565546066,,,,64.3,,,1516.000720146794,3357437.8777204296,-260.49962166467435,132.80082288358562,217.0,,,-100.0,-5.503577325261421
2022-09-01,1779.0,1.186,1682.8377556750895,61.249029845079995,8.335055932475932,25.149131609975203,1079.8298985077097,1284.363138823137,40.5121295124,359.3294925274374,40.624043634150894,,,,69.8,,,1516.7084211614554,3782870.2035770305,-204.5332403154273,195.30838172441008,279.0,,,62.0,3.6109493302271423
2022-10-01,1705.0,1.1366666666666667,1609.8058427330575,3.66416638739,66.12635279254013,24.742857879961463,,1335.6650258777895,54.89877393,355.3548728418218,7.261948917101128,,,,66.0,,,1516.7084211614554,3782870.2035770305,,-925.4113791059676,205.0,,,-74.0,-4.159640247329966
2022-11-01,1806.0,1.204,1733.1032348497404,3.75425081844,40.98827921177144,26.785284699969026,995.3306766048756,1444.5641504195742,80.98046070660001,384.40581738667186,-0.4604181239478544,,,,61.0,,,1516.7084211614554,3782870.2035770305,-449.2334738146985,16.152804278573285,306.0,,,101.0,5.923753665689158
2022-12-01,1898.0,1.2653333333333334,1863.34032475192,3.79993547444,1.8062851357314544,27.626916639971355,1067.5928431750358,1425.5633543297174,127.359455769,475.61069513836514,37.250466224307054,,,,57.2,,,1518.692519767371,4280200.857178661,-357.9705111546816,244.9996397526836,398.0,,,92.0,5.094130675526021
2023-01-01,2121.0,1.414,2065.432830597256,3.85027425477,21.693903222956145,29.207930409951956,978.1692142738522,1423.3694642654602,153.50127706134003,437.48872117666946,1.2461671249899968,,,,53.2,,,1518.692519767371,4280200.857178661,-445.2002499916081,145.78974824640136,621.0,,,223.0,11.749209694415175
2023-02-01,2219.0,1.4793333333333334,2184.2875087265556,3.794082127889999,1.726419778645579,27.671755199985174,981.9602879262028,1021.043613690764,161.61072694880403,407.4113413923999,7.910152149576499,,,,50.6,,,1518.692519767371,4280200.857178661,-39.08332576456121,529.9387425766427,719.0,,,98.0,4.62046204620461
2023-03-01,2694.0,1.796,2629.1164092506947,3.8410231119299993,28.414852056179377,29.82264284079628,1037.454601851765,1449.5424020103417,188.83508287218004,568.3133040502482,-8.00392718210622,,,,50.3,,,1527.426637681139,4800578.836136741,-412.0878001585768,345.06058676385146,1194.0,,,475.0,21.406038756196487
2023-04-01,2761.0,1.840666666666667,2692.70596778638,3.84610552991,28.435647809627753,30.13863353999689,848.6106835552755,1431.1968085591518,148.21812169452002,453.9889329798782,2.7632264862903337,,,,35.3,,,1527.426637681139,4800578.836136741,-582.5861250038763,19.620929670521946,1261.0,,,67.0,2.487008166295479
2023-05-01,3491.0,2.3273333333333333,3445.19039360963,3.79028459086,4.3729134257468845,29.727815359986145,1019.4882810840828,1466.26466039326,99.980934039996,479.7068400575331,-0.603904351101602,,,,25.2,,,1527.426637681139,4800578.836136741,-446.7763793091773,132.9113947883518,1991.0,,,730.0,26.439695762404924
2023-06-01,3724.0,2.482666666666667,3679.9931156252305,3.79773690037,4.381511277152309,29.06993063996374,1005.3431602556694,1369.0863464942988,122.8541919168,475.7080813695716,-0.8853298475391966,,,,12.0,,,1597.987805425589,5463087.08171072,-363.7431862386294,234.8190870477422,2224.0,,,233.0,6.674305356631338
2023-07-01,3765.0,2.51,3696.979610834912,3.83448449554,33.6999995794584,29.76023242998622,1020.4368441837172,1387.5562815531268,218.982313497636,540.9649875806649,6.982342708144914,,,,6.3,,,1597.987805425589,5463087.08171072,-367.11943736940964,392.8278637088913,2265.0,,,41.0,1.1009667024704628
2023-08-01,3600.0,2.4,3561.7463096346532,3.797365712539999,4.556530046265157,29.384103539973857,1118.6450490874097,1426.0216959381046,210.50913652932,499.1628509746794,6.029679577524075,,,,4.0,,,1597.987805425589,5463087.08171072,-307.3766468506949,402.2953406533045,2100.0,,,-165.0,-4.3824701195219085
2023-09-01,3540.0,2.36,3498.8954179148086,3.75465055918,4.505275335917647,27.997592179974713,971.9093413000884,1349.281943822426,152.189377517928,482.3674846714565,-4.525918201425097,,,,1.3,,,1796.505136030449,3406256.7754032,-377.3726025223376,257.18425966704694,2040.0,,,-60.0,-1.6666666666666718
2023-10-01,3569.0,2.3793333333333333,3493.981408469624,3.75225211474,34.333375397617814,30.044260489972405,927.9594595076356,1610.4858515561652,136.696650474108,517.3867852823716,1.4877276238171468,,,,-0.8,,,1796.505136030449,3406256.7754032,-682.5263920485296,-28.442956292049757,2069.0,,,29.0,0.8192090395480189
2023-11-01,3571.0,2.3806666666666665,3531.702677946665,3.80693093739,4.982640727190736,30.842720159961196,998.9726493735892,1388.7052070763218,205.30989463958403,537.3232669836915,7.504591190763543,,,,-1.2,,,1796.505136030449,3406256.7754032,-389.7325577027326,352.90060392054284,2071.0,,,2.0,0.05603810591201519
2023-12-01,4392.0,2.928,4336.473731921045,3.8308582759699994,33.67018672906619,31.24429795994917,1001.760350345166,1488.5760792325318,269.26826322432004,569.7359351360864,,,,,0.4,,,2402.2130366493293,3691646.15860895,-486.8157288873658,352.18846947304064,2892.0,,,821.0,22.99075889106692
2024-01-01,4496.0,2.997333333333333,4425.612544163821,3.79719439508,33.374308084189764,30.887255759967665,970.723959801696,1511.787852753663,341.78878040700005,487.56912560776783,-5.183159028444982,1488614.2186827,11449588.36846354,,0.0,,,2402.2130366493293,3691646.15860895,-541.063892951967,288.294013062801,2996.0,,,104.0,2.3679417122040025
2024-02-01,4520.0,3.013333333333333,4482.340716033624,3.79057011996,1.6431050846976658,30.961936199948926,1059.318562299895,1378.4196626938108,345.70285585000005,476.15274509709104,41.39148714418296,1413718.35882851,11566975.45606485,,-0.9,,,2402.2130366493293,3691646.15860895,-319.1011003939159,502.7545005531754,3020.0,,,24.0,0.5338078291814874
2024-03-01,4960.0,3.306666666666666,4916.3794807720005,3.78054804855,0.6298346981597234,33.77192043995077,1148.4812078626312,1507.6996834532686,338.38572367949996,572.3817390557347,-13.923469340007806,1405565.76476464,11737487.54500372,,-2.5,,,2647.0989565084856,3372092.0808949103,-359.21847559063735,551.5489871445973,3460.0,,,440.0,9.734513274336276
2024-04-01,5471.0,3.6473333333333335,5389.193492483832,3.76307366763,33.69741281305537,34.62627682995229,877.5787392596055,1435.2460605667366,225.71594150849995,543.8344997214689,0.3254744030658898,1426526.14508917,11870373.84429256,,-0.7,,,2647.0989565084856,3372092.0808949103,-557.667321307131,211.88311992283775,3971.0,,,511.0,10.30241935483871
2024-05-01,5410.0,3.6066666666666665,5368.235638555519,3.779091850139999,1.3128444750156163,35.24447335998116,1011.2546937501978,1404.5956093616087,153.964862976,544.4126225033511,-0.5948244742458364,1396201.10196541,12029766.321860109,,-1.0,,,2647.0989565084856,3372092.0808949103,-393.3409156114109,305.0365698679402,3910.0,,,-61.0,-1.114969840979707
2024-06-01,5654.0,3.7693333333333334,5605.029604018364,3.75567846394,0.318168909673689,35.2388685399558,1077.024307218306,1446.621209252268,151.079915175,519.6086007985568,-2.9471659089896196,1417663.96452865,12121485.765096,,0.2,,,3441.613254097586,3234762.9672131,-369.5969020339621,301.0916139395947,4154.0,,,244.0,4.510166358595202
2024-07-01,5652.0,3.768,5577.0,3.79302567022,33.0,37.0,1130.2795584462635,1734.1215798577125,328.310191475,566.8300693319559,11.835862191991213,1455099.5855368103,12193216.05962542,,1.0,,,3441.613254097586,3234762.9672131,-603.842021411449,291.2982393955069,4152.0,,,-2.0,-0.035373187124154715
2024-08-01,5959.0,3.9726666666666666,5916.006953241527,3.84496341351,0.2431290906547396,37.914640059987825,1231.6821030552203,1654.0274199404437,282.0869865110001,577.4570513490174,12.711571913420476,1485680.96440088,12228642.1549614,,2.5,,,3441.613254097586,3234762.9672131,-422.3453168852234,437.19872097479424,4459.0,,,307.0,5.43170559094126
2024-09-01,5994.0,3.996,5948.803554129541,3.87283105367,0.2448912489004643,39.90056422997329,1011.7372962546182,1645.7399723713993,180.98790698,555.5530322870613,-1.9290183573123292,1523626.960979,12306347.95285606,,2.1,,,4342.420904012252,3153068.23751008,-634.0026761167811,102.53826315028027,4494.0,,,35.0,0.5873468702802587
2024-10-01,6472.0,4.314666666666667,6388.171639787415,3.80219115433,37.659227468478896,41.5386865699641,1157.9983404190527,1702.3792187489955,185.63142999700003,587.6980738774198,3.4650650110091252,1474593.77184172,12364944.751933929,,2.9,,,4342.420904012252,3153068.23751008,-544.3808783299428,228.94862554447695,4972.0,,,478.0,7.97464130797465
2024-11-01,6451.0,4.300666666666666,6407.796242600988,3.75159539781,3.180404560971819,39.51458902996344,994.1474523394417,1496.2999021514247,272.886613506,530.0627863192664,-10.64400016490725,1498004.37286028,12436535.431014769,,2.7,,,4342.420904012252,3153068.23751008,-502.15244981198305,300.7969500132833,4951.0,,,-21.0,-0.3244746600741699
2024-12-01,6122.0,4.081333333333333,6047.66870987018,3.72367065183,3.15673143526145,39.74893110997791,1101.7669842074342,1924.476764720677,362.060824032,613.823074357784,-1.5520155389379369,,,,,,,4296.936875251309,3228935.1103,-822.7097805132428,153.17411787654123,4622.0,,,-329.0,-5.099984498527355
2025-01-01,6065.0,4.043333333333333,5986.317506131903,3.72281406453,32.04887806573103,42.35759625995994,1052.790385272612,1785.5256010888788,,573.0150835758235,-21.715399723732265,1566950.20037986,12725484.47246477,,,,,4296.936875251309,3228935.1103,-732.7352158162669,-159.7201322404435,4565.0,,,-57.0,-0.9310682783404078
2025-02-01,6086.0,4.057333333333333,6032.73744964807,3.737575919,5.398412867793581,43.266637529953655,1052.93148785808,1464.2031508791547,,548.113782072413,-8.584903111980005,1589584.27128992,12825902.415821522,,,,,4296.936875251309,3228935.1103,-411.2716630210748,136.84211905133816,4586.0,,,21.0,0.34624896949710937
2025-03-01,6531.0,4.354,6466.518492334026,3.7938251517,3.470624193288443,47.30316851996577,1241.6908589753436,1637.306801181216,,693.3103082478191,-5.662833494310919,1668649.26222282,13040913.70285386,,,,,3556.3684609285724,2970779.792,-395.61594220587244,297.6943660419465,5031.0,,,445.0,7.311863292803156
2025-04-01,6327.0,4.218,6242.64855229052,3.872088678009999,29.573517998868898,49.794738369971746,968.229286514921,1685.8880693505237,,646.10543865492,2.709484802605596,,,,,,,3556.3684609285724,2970779.792,-717.6587828356027,-71.55334418068264,4827.0,,,-204.0,-3.123564538355539
2025-05-01,6286.0,4.190666666666667,6230.656967004765,3.87380185261,2.357316187809975,49.81776357999768,1034.6509985166413,1507.1694013641822,,641.6891662797316,0.7291351753401827,,,,,,,3556.3684609285724,2970779.792,-472.518402847541,169.1707634321906,4786.0,,,-41.0,-0.6480164374901176
2025-06-01,6081.0,4.054,6024.769025011985,3.923169834,2.3873579777668588,50.02453599994533,1141.831231934451,1682.0924071759928,,635.7377767935731,-6.698914515192502,,,,,,,5165.0613445173985,2801738.8200000003,-540.2611752415419,95.4766015520313,4581.0,,,-205.0,-3.2612153993000326
2025-07-01,6147.0,4.098,6062.782301692775,3.86866232881,29.34488331064376,49.82336839996571,1302.1944091206951,1882.2219436931452,,697.276061981973,-14.649277019376456,,,,,,,5165.0613445173985,2801738.8200000003,-580.0275345724501,117.24852740952292,4647.0,,,66.0,1.0853478046374043
2025-08-01,6178.0,4.118666666666667,6119.598459914199,3.90786547424,0.948542796952376,52.20965851993658,1282.3296367087296,1696.4865898195253,,680.7523131402743,-15.198270520244064,,,,,,,5165.0613445173985,2801738.8200000003,-414.1569531107957,266.59536002947857,4678.0,,,31.0,0.504311046038719
2025-09-01,6244.0,4.1626666666666665,6179.227816045453,3.91451830227,0.950157615101431,58.44312758999464,1138.4656329002578,2048.593970667373,,695.7423286984454,-15.502721539742945,,,,,,,4694.405707269637,2534748.2980000004,-910.1283377671152,-214.38600906866986,4744.0,,,66.0,1.0683068954354225
2025-10-01,6216.0,4.144,6101.557919268492,3.87859874149,31.233535983191004,79.81000681996687,1149.8364906123213,2156.755854772788,,712.0074615828589,-18.733252551574783,,,,,,,4694.405707269637,2534748.2980000004,-1006.9193641604668,-294.91190257760786,4716.0,,,-28.0,-0.4484304932735439
2025-11-01,6034.0,4.022666666666667,5943.526708888716,3.87911269387,2.054464878540633,84.54849345997191,1047.8267117693351,1778.490946439263,,,-11.998741015836702,,,,,,,4694.405707269637,2534748.2980000004,-730.664234669928,-730.664234669928,4534.0,,,-182.0,-2.9279279279279313
2025-12-01,6825.0,4.55,6733.69,3.91,1.04,86.15,,,,,,,,,,,,4694.405707269637,2534748.2980000004,,0.0,5325.0,,,791.0,13.10904872389791
