date,reer_index,gross_reserves_usd_m,ncpi_yoy_pct,tourism_earnings_usd_m,remittances_usd_m,import_cover_months,net_usable_reserves_usd_m,net_import_cover_months,usd_lkr,aspi,sl20_index,gold_usd,gold_lkr,market_cap,awcmr,tbill_primary,tbill_secondary,tbond_yield,isb_yield,policy_ceiling,sdfr,slfr,us_10y_yield,gold_premium_pct,interbank_spread,real_policy_rate,yield_curve_slope,embi_spread_approx,r_fx,r_eq,r_eq_real,turnover_ratio,equity_turnover,vol_fx_20d,vol_eq_20d
2005-01-31,,2249.0,11.11,,,1.4993333333333334,2249.0,1.4993333333333334,98.9288,,,,,,8.5,,,,,8.5,,,,,0.0,-2.6099999999999994,,,,,,,0.0,,
2005-02-28,,2293.0,10.95,,,1.5286666666666666,2293.0,1.5286666666666666,99.2726,,,,,,8.190000000000001,,,,,8.5,,,,,-0.3099999999999987,-2.4499999999999993,,,,,,,0.0,,
2005-03-31,,2337.0,11.38,,,1.558,2337.0,1.558,99.3896,,,,,,7.775,,,,,8.5,,,,,-0.7249999999999996,-2.880000000000001,,,,,,,0.0,,
2005-04-30,,2382.0,11.2,,,1.588,2382.0,1.588,99.671,,,,,,8.25,,,,,8.5,,,,,-0.25,-2.6999999999999993,,,,,,,0.0,,
2005-05-31,,2426.0,10.75,,,1.6173333333333333,2426.0,1.6173333333333333,99.791,,,,,,8.75,,,,,8.5,,,,,0.25,-2.25,,,,,,,0.0,,
2005-06-30,,2470.0,11.41,,,1.6466666666666667,2470.0,1.6466666666666667,99.9455,,,,,,9.0,,,,,8.5,,,,,0.5,-2.91,,,,,,,0.0,,
2005-07-31,,2514.0,11.75,,,1.676,2514.0,1.676,100.283,,,,,,9.72,,,,,8.5,,,,,1.2200000000000006,-3.25,,,,,,,0.0,,
2005-08-31,,2558.0,12.34,,,1.7053333333333334,2558.0,1.7053333333333334,100.7383,,,,,,9.5,,,,,8.5,,,,,1.0,-3.84,,,,,,,0.0,,
2005-09-30,,2602.0,12.52,,,1.7346666666666666,2602.0,1.7346666666666666,101.3324,,,,,,10.13,,,,,8.5,,,,,1.6300000000000008,-4.02,,,,,,,0.0,,
2005-10-31,,2647.0,11.93,,,1.7646666666666666,2647.0,1.7646666666666666,101.4845,,,,,,10.2,,,,,8.5,,,,,1.6999999999999993,-3.4299999999999997,,,,,,,0.0,,
2005-11-30,,2691.0,11.33,,,1.794,2691.0,1.794,101.7995,,,,,,10.435,,,,,8.5,,,,,1.9350000000000005,-2.83,,,,,,,0.0,,
2005-12-31,,2735.0,13.29,,,1.8233333333333333,2735.0,1.8233333333333333,101.9767,,,,,,10.74,,,,,8.5,,,,,2.24,-4.789999999999999,,,,,,,0.0,,
2006-01-31,,2743.0,9.57,,,1.8286666666666667,2743.0,1.8286666666666667,102.016,,,,,,9.94,,,,,8.58,,,,,1.3599999999999994,-0.9900000000000002,,,,,,,0.0,,
2006-02-28,,2751.0,9.42,,,1.834,2751.0,1.834,102.1942,,,,,,9.925,,,,,8.67,,,,,1.2550000000000008,-0.75,,,,,,,0.0,,
2006-03-31,,2759.0,9.8,,,1.8393333333333333,2759.0,1.8393333333333333,102.6478,,,,,,10.44,,,,,8.75,,,,,1.6899999999999995,-1.0500000000000007,,,,,,,0.0,,
2006-04-30,,2767.0,9.64,,,1.8446666666666667,2767.0,1.8446666666666667,102.6345,,,,,,10.005,,,,,8.83,,,,,1.1750000000000007,-0.8100000000000005,,,,,,,0.0,,
2006-05-31,,2775.0,9.25,,,1.85,2775.0,1.85,102.8382,,,,,,10.675,,,,,8.92,,,,,1.7550000000000008,-0.33000000000000007,,,,,,,0.0,,
2006-06-30,,2784.0,9.82,,,1.856,2784.0,1.856,103.5245,,,,,,10.625,,,,,9.0,,,,,1.625,-0.8200000000000003,,,,,,,0.0,,
2006-07-31,,2792.0,10.11,,,1.8613333333333333,2792.0,1.8613333333333333,103.9565,,,,,,11.25,,,,,9.08,,,,,2.17,-1.0299999999999994,,,,,,,0.0,,
2006-08-31,,2800.0,10.62,,,1.8666666666666667,2800.0,1.8666666666666667,103.6691,,,,,,11.2,,,,,9.17,,,,,2.0299999999999994,-1.4499999999999993,,,,,,,0.0,,
2006-09-30,,2808.0,10.78,,,1.872,2808.0,1.872,102.595,,,,,,14.375,,,,,9.25,,,,,5.125,-1.5299999999999994,,,,,,,0.0,,
2006-10-31,,2816.0,10.27,,,1.8773333333333333,2816.0,1.8773333333333333,105.7181,,,,,,13.14,,,,,9.33,,,,,3.8100000000000005,-0.9399999999999995,,,,,,,0.0,,
2006-11-30,,2824.0,9.75,,,1.8826666666666667,2824.0,1.8826666666666667,107.72,,,,,,11.5,,,,,9.42,,,,,2.08,-0.33000000000000007,,,,,,,0.0,,
2006-12-31,,2832.0,11.44,,,1.888,2832.0,1.888,107.7905,,,,,,13.94,,,,,9.5,,,,,4.4399999999999995,-1.9399999999999995,,,,,,,0.0,,
2007-01-31,,2889.0,15.13,,,1.926,2889.0,1.926,108.5219,,,,,,12.5,,,,,9.58,,,,,2.92,-5.550000000000001,,,,,,,0.0,,
2007-02-28,,2946.0,14.9,,,1.964,2946.0,1.964,108.6842,,,,,,15.25,,,,,9.67,,,,,5.58,-5.23,,,,,,,0.0,,
2007-03-31,,3004.0,15.49,,,2.002666666666667,3004.0,2.002666666666667,109.2941,,,,,,16.0,,,,,9.75,,,,,6.25,-5.74,,,,,,,0.0,,
2007-04-30,,3061.0,15.24,,,2.0406666666666666,3061.0,2.0406666666666666,109.3595,,,,,,13.0,,,,,9.83,,,,,3.17,-5.41,,,,,,,0.0,,
2007-05-31,,3118.0,14.63,,,2.078666666666667,3118.0,2.078666666666667,110.7995,,,,,,16.0,,,,,9.92,,,,,6.08,-4.710000000000001,,,,,,,0.0,,
2007-06-30,,3175.0,15.53,,,2.1166666666666667,3175.0,2.1166666666666667,110.9662,,,,,,16.125,,,,,10.0,,,,,6.125,-5.529999999999999,,,,,,,0.0,,
2007-07-31,,3232.0,15.99,,,2.1546666666666665,3232.0,2.1546666666666665,111.6724,,,,,,13.75,,,,,10.08,,,,,3.67,-5.91,,,,,,,0.0,,
2007-08-31,,3290.0,16.79,,,2.1933333333333334,3290.0,2.1933333333333334,112.1839,,,,,,15.315,,,,,10.17,,,,,5.145,-6.619999999999999,,,,,,,0.0,,
2007-09-30,,3347.0,17.04,,,2.231333333333333,3347.0,2.231333333333333,113.3415,,,,,,22.0,,,,,10.25,,,,,11.75,-6.789999999999999,,,,,,,0.0,,
2007-10-31,,3404.0,16.24,,,2.2693333333333334,3404.0,2.2693333333333334,112.8583,,,,,,12.625,,,,,10.33,,,,,2.295,-5.909999999999998,,,,,,,0.0,,
2007-11-30,,3461.0,15.41,,,2.3073333333333332,3461.0,2.3073333333333332,110.4181,,,,,,13.25,,,,,10.42,,,,,2.83,-4.99,,,,,,,0.0,,
2007-12-31,,3518.0,18.08,,,2.3453333333333335,3518.0,2.3453333333333335,108.891,,,,,,28.0,,,,,10.5,,,,,17.5,-7.579999999999998,,,,,,,0.0,,
2008-01-31,,3443.0,21.55,,,2.2953333333333332,3443.0,2.2953333333333332,108.1557,,,,,,13.875,,,,,10.58,,,,,3.295,-10.97,,,,,,,0.0,,
2008-02-29,,3368.0,21.22,,,2.2453333333333334,3368.0,2.2453333333333334,107.827,,,,,,15.5,,,,,10.67,,,,,4.83,-10.549999999999999,,,,,,,0.0,,
2008-03-31,,3293.0,22.06,,,2.195333333333333,3293.0,2.195333333333333,107.6838,,,,,,18.25,,,,,10.75,,,,,7.5,-11.309999999999999,,,,,,,0.0,,
2008-04-30,,3218.0,21.71,,,2.1453333333333333,3218.0,2.1453333333333333,107.7791,,,,,,13.125,,,,,10.83,,,,,2.295,-10.88,,,,,,,0.0,,
2008-05-31,,3143.0,20.84,,,2.0953333333333335,3143.0,2.0953333333333335,107.7705,,,,,,14.0,,,,,10.92,,,,,3.08,-9.92,,,,,,,0.0,,
2008-06-30,,3067.0,22.12,,,2.0446666666666666,3067.0,2.0446666666666666,107.7633,,,,,,12.94,,,,,11.0,,,,,1.9399999999999995,-11.120000000000001,,,,,,,0.0,,
2008-07-31,,2992.0,22.77,,,1.9946666666666666,2992.0,1.9946666666666666,107.6086,,,,,,12.815,,,,,11.08,,,,,1.7349999999999994,-11.69,,,,,,,0.0,,
2008-08-31,,2917.0,23.92,,,1.9446666666666668,2917.0,1.9446666666666668,107.7181,,,,,,16.375,,,,,11.17,,,,,5.205,-12.750000000000002,,,,,,,0.0,,
2008-09-30,,2842.0,24.27,,,1.8946666666666667,2842.0,1.8946666666666667,107.8233,,,,,,19.25,,,,,11.25,,,,,8.0,-13.02,,,,,,,0.0,,
2008-10-31,,2767.0,23.13,,,1.8446666666666667,2767.0,1.8446666666666667,108.1661,,,,,,16.689999999999998,,,,,11.33,,,,,5.359999999999998,-11.799999999999999,,,,,,,0.0,,
2008-11-30,,2692.0,21.96,,,1.7946666666666666,2692.0,1.7946666666666666,109.9594,,,,,,15.75,,,,,11.42,,,,,4.33,-10.540000000000001,,,,,,,0.0,,
2008-12-31,,2617.0,25.76,,,1.7446666666666666,2617.0,1.7446666666666666,111.4464,,,,,,16.625,,,,,11.5,,,,,5.125,-14.260000000000002,,,,,,,0.0,,
2009-01-31,,2845.0,3.31,30.024274,258.0172194779417,1.8966666666666667,2845.0,1.8966666666666667,113.7685,,,,,,15.5,,,,,11.29,,,,,4.210000000000001,7.979999999999999,,,,,,,0.0,,
2009-02-28,,3073.0,3.26,26.6689045,241.3434650018653,2.0486666666666666,3073.0,2.0486666666666666,114.1026,,,,,,13.055,,,,,11.08,,,,,1.9749999999999996,7.82,,,,,,,0.0,,
2009-03-31,,3301.0,3.39,26.5877325,281.286631035467,2.2006666666666668,3301.0,2.2006666666666668,114.2836,,,,,,11.875,,,,,10.88,,,,,0.9949999999999992,7.49,,,,,,,0.0,,
2009-04-30,,3529.0,3.33,20.335147,266.2652379968468,2.3526666666666665,3529.0,2.3526666666666665,117.3068,,,,,,10.125,,,,,10.67,,,,,-0.5449999999999999,7.34,,,,,,,0.0,,
2009-05-31,,3757.0,3.2,19.3087895,275.5109741085164,2.5046666666666666,3757.0,2.5046666666666666,116.672,,,,,,10.5,,,,,10.46,,,,,0.03999999999999915,7.260000000000001,,,,,,,0.0,,
2009-06-30,,3985.0,3.4,23.597637,280.49028152479883,2.6566666666666667,3985.0,2.6566666666666667,114.8105,,,,,,9.375,,,,,10.25,,,,,-0.875,6.85,,,,,,,0.0,,
2009-07-31,,4213.0,3.5,32.9550515,300.1334402623257,2.808666666666667,4213.0,2.808666666666667,114.8002,,,,,,9.6,,,,,10.04,,,,,-0.4399999999999995,6.539999999999999,,,,,,,0.0,,
2009-08-31,,4441.0,3.67,32.1620635,291.6635832322693,2.9606666666666666,4441.0,2.9606666666666666,114.7148,,,,,,9.25,,,,,9.83,,,,,-0.5800000000000001,6.16,,,,,,,0.0,,
2009-09-30,,4669.0,3.73,29.6457315,286.6487221031725,3.1126666666666667,4669.0,3.1126666666666667,114.7667,,,,,,8.75,,,,,9.62,,,,,-0.8699999999999992,5.889999999999999,,,,,,,0.0,,
2009-10-31,,4897.0,3.55,29.3272875,292.4058094287403,3.264666666666667,4897.0,3.264666666666667,114.7838,,,,,,8.75,,,,,9.42,,,,,-0.6699999999999999,5.87,,,,,,,0.0,,
2009-11-30,,5126.0,3.37,34.5847355,261.58987821087175,3.417333333333333,5126.0,3.417333333333333,114.4853,,,,,,8.95,,,,,9.21,,,,,-0.26000000000000156,5.840000000000001,,,,,,,0.0,,
2009-12-31,,5354.0,3.96,44.380791,294.9442841316884,3.5693333333333332,5354.0,3.5693333333333332,114.2836,,,,,,8.525,,,,,9.0,,,,,-0.47499999999999964,5.04,,,,,,,0.0,,
2010-01-31,96.52,5507.0,5.94,44.666160000000005,313.1306230479197,3.671333333333333,5507.0,3.671333333333333,114.3589,,,1083.0,,,9.19,9.46,,,,8.88,,,3.6089999675750737,,0.3099999999999987,2.9400000000000004,,,,,,,0.0,,
2010-02-28,99.84,5661.0,5.85,50.42400000000001,310.0872781594624,3.774,5661.0,3.774,114.5079,,,1118.300048828125,,,8.875,9.47,,,,8.75,,,3.595000028610229,,0.125,2.9000000000000004,,,,,,,0.0,,
2010-03-31,100.14,5814.0,6.08,46.06976,373.23619352060666,3.876,5814.0,3.876,114.1039,,,1113.300048828125,,,8.875,9.47,,,,8.62,,,3.8329999446868896,,0.2550000000000008,2.539999999999999,,,,,,,0.0,,
2010-04-30,98.48,5968.0,5.98,33.704,339.7262518790919,3.978666666666667,5968.0,3.978666666666667,113.8286,,,1180.0999755859375,,,8.925,9.3,,,,8.5,,,3.663000106811523,,0.4250000000000007,2.5199999999999996,,,,,,,0.0,,
2010-05-31,99.78,6121.0,5.74,30.987440000000003,303.04171743955754,4.080666666666667,6121.0,4.080666666666667,113.7025,,,1212.199951171875,,,8.325,9.26,,,,8.38,,,3.3010001182556152,,-0.05500000000000149,2.6400000000000006,,,,,,,0.0,,
2010-06-30,102.19,6274.0,6.09,39.3624,343.89562167168805,4.182666666666667,6274.0,4.182666666666667,113.5605,,,1245.5,,,8.625,9.29,,,,8.25,,,2.950999975204468,,0.375,2.16,,,,,,,0.0,,
2010-07-31,101.69,6428.0,6.28,55.73832,343.0238810410193,4.285333333333333,6428.0,4.285333333333333,112.9571,,,1181.699951171875,,,8.925,9.0,,,,8.12,,,2.907000064849853,,0.8050000000000015,1.839999999999999,,,,,,,0.0,,
2010-08-31,100.83,6581.0,6.59,49.19024,332.5045531590209,4.387333333333333,6581.0,4.387333333333333,112.3968,,,1248.300048828125,,,8.01,8.08,,,,8.0,,,2.476999998092652,,0.009999999999999787,1.4100000000000001,,,,,,,0.0,,
2010-09-30,100.21,6735.0,6.69,41.65832,345.74244236100924,4.49,6735.0,4.49,112.3029,,,1307.800048828125,,,8.0,7.14,,,,7.88,,,2.5169999599456787,,0.1200000000000001,1.1899999999999995,,,,,,,0.0,,
2010-10-31,98.62,6888.0,6.37,46.0856,376.0436001222503,4.592,6888.0,4.592,111.667,,,1357.0999755859375,,,7.975,7.37,,,,7.75,,,2.611999988555908,,0.22499999999999964,1.38,,,,,,,0.0,,
2010-11-30,99.9,7042.0,6.05,63.58088,365.8666819619417,4.6946666666666665,7042.0,4.6946666666666665,111.5155,,,1385.0,,,7.675,7.55,,,,7.62,,,2.796999931335449,,0.054999999999999716,1.5700000000000003,,,,,,,0.0,,
2010-12-31,101.93,7195.0,7.1,74.47176,369.6792113356549,4.796666666666667,7195.0,4.796666666666667,111.0081,,,1421.0999755859375,,,8.05,7.55,,,,7.5,,,3.305000066757202,,0.5500000000000007,0.40000000000000036,,,,,,,0.0,,
2011-01-31,102.16,7157.0,6.41,71.97109,377.01919667028966,4.771333333333334,7157.0,4.771333333333334,110.82,,,1333.800048828125,,,7.505,7.33,,,,7.46,,,3.378000020980835,,0.04499999999999993,1.0499999999999998,,,,,,,0.0,,
2011-02-28,102.65,7119.0,6.32,63.82309,393.2545824074448,4.746,7119.0,4.746,110.8074,,,1409.300048828125,,,7.725,7.33,,,,7.42,,,3.4140000343322754,,0.3049999999999997,1.0999999999999996,,,,,,,0.0,,
2011-03-31,103.07,7081.0,6.57,72.8761,503.4370141605327,4.720666666666666,7081.0,4.720666666666666,110.3022,,,1438.9000244140625,,,7.575,7.3,,,,7.38,,,3.4539999961853027,,0.19500000000000028,0.8099999999999996,,,,,,,0.0,,
2011-04-30,100.64,7043.0,6.46,61.91994999999999,414.8376121203856,4.695333333333333,7043.0,4.695333333333333,110.2129,,,1556.0,,,7.7,7.34,,,,7.33,,,3.2960000038146973,,0.3700000000000001,0.8700000000000001,,,,,,,0.0,,
2011-05-31,100.95,7005.0,6.2,47.47471,414.48447238581497,4.67,7005.0,4.67,109.7629,,,1535.9000244140625,,,7.59,7.35,,,,7.29,,,3.049999952316284,,0.2999999999999998,1.0899999999999999,,,,,,,0.0,,
2011-06-30,101.66,6967.0,6.58,52.02692,403.53716320026047,4.644666666666667,6967.0,4.644666666666667,109.5391,,,1502.300048828125,,,8.025,7.35,,,,7.25,,,3.157999992370605,,0.7750000000000004,0.6699999999999999,,,,,,,0.0,,
2011-07-31,101.07,6929.0,6.78,81.27241999999998,415.3978648677539,4.6193333333333335,6929.0,4.6193333333333335,109.457,,,1628.300048828125,,,7.7,7.25,,,,7.21,,,2.805000066757202,,0.4900000000000002,0.4299999999999997,,,,,,,0.0,,
2011-08-31,100.95,6891.0,7.12,70.28911,458.5439144737759,4.594,6891.0,4.594,109.7139,,,1828.5,,,7.95,7.25,,,,7.17,,,2.2179999351501465,,0.7800000000000002,0.04999999999999982,,,,,,,0.0,,
2011-09-30,102.49,6853.0,7.23,58.41242999999999,401.6127409142636,4.568666666666667,6853.0,4.568666666666667,110.0529,,,1620.4000244140625,,,8.05,7.31,,,,7.12,,,1.924000024795532,,0.9300000000000006,-0.11000000000000032,,,,,,,0.0,,
2011-10-31,103.51,6815.0,6.88,67.47611,420.5466910904048,4.543333333333333,6815.0,4.543333333333333,110.0875,,,1724.199951171875,,,8.025,7.44,,,,7.08,,,2.174999952316284,,0.9450000000000003,0.20000000000000018,,,,,,,0.0,,
2011-11-30,102.48,6777.0,6.54,88.16233,436.00080638963993,4.518,6777.0,4.518,111.2205,,,1745.5,,,8.5,8.5,,,,7.04,,,2.068000078201294,,1.46,0.5,,,,,,,0.0,,
2011-12-31,102.32,6739.0,7.67,94.59149,506.169622762994,4.492666666666667,6739.0,4.492666666666667,113.8067,,,1565.800048828125,,,8.925,9.31,,,,7.0,,,1.871000051498413,,1.9250000000000007,-0.6699999999999999,,,,,,,0.0,,
2012-01-31,103.13,6770.0,7.2,88.89247110000001,472.7576840578115,4.513333333333334,6770.0,4.513333333333334,113.8195,5693.92,,1737.800048828125,,2084.13,8.775,9.3,,,,7.08,,,1.7990000247955322,,1.6950000000000003,-0.1200000000000001,,,,-0.010767405249610333,,0.3987371229241938,19110.82,,0.010063455537870183
2012-02-29,98.53,6800.0,7.09,84.93674888999998,470.3534018449788,4.533333333333333,6800.0,4.533333333333333,117.281,5458.09,,1709.9000244140625,,2001.18,9.6,10.19,,,,7.17,,,1.9769999980926511,,2.4299999999999997,0.08000000000000007,,,,0.004852274400403228,,0.8392348514376518,29456.67,,0.012622397517375424
2012-03-31,92.45,6831.0,7.38,92.8967094,564.663615774557,4.554,6831.0,4.554,125.6605,5420.2,,1669.300048828125,,2012.87,9.2,11.32,,,,7.25,,,2.2160000801086426,,1.9499999999999993,-0.1299999999999999,,,,0.0015066138755274133,,0.3920571124811836,33151.340000000004,,0.010834955035047137
2012-04-30,92.15,6862.0,7.26,73.11230459999999,475.1612655562439,4.574666666666666,6862.0,4.574666666666666,128.4248,5419.2,,1663.4000244140625,,2016.91,9.625,12.16,,,,7.33,,,1.9149999618530271,,2.295,0.07000000000000028,,,,-0.0008249483956473208,,0.31289447719531366,9008.1,,0.006430777383888204
2012-05-31,93.74,6892.0,6.97,57.27655106,507.1056700307136,4.594666666666667,6892.0,4.594666666666667,129.0045,4832.15,,1562.5999755859375,,1807.42,9.925,12.5,,,,7.42,,,1.5809999704360962,,2.505000000000001,0.4500000000000002,,,,-0.006799878118222594,,0.1930043930021799,8373.91,,0.010359167217926549
2012-06-30,94.58,6923.0,7.39,62.766994900000014,452.3305087541127,4.615333333333333,6923.0,4.615333333333333,131.8519,4965.77,,1603.5,,1894.22,10.25,12.88,,,,7.5,,,1.659000039100647,,2.75,0.11000000000000032,,,,0.0019875672760928144,,0.11544593553019185,17762.02,,0.009964412871883249
2012-07-31,95.88,6953.0,7.61,100.4919912,475.01051159084767,4.6353333333333335,6953.0,4.6353333333333335,132.4848,4944.86,,1610.5,,1889.71,10.475,13.15,,,,7.58,,,1.4919999837875366,,2.8949999999999996,-0.03000000000000025,,,,0.0018926422372944358,,1.028083674214562,8911.19,,0.006097780304665877
2012-08-31,96.29,6984.0,8.0,81.83968,490.06391254912114,4.656,6984.0,4.656,131.9896,5180.15,,1684.5999755859375,,1980.81,10.575,13.31,,,,7.67,,,1.562000036239624,,2.9049999999999994,-0.33000000000000007,,,,0.012822805694690041,,0.2796835637946093,13339.43,,0.006958799224329433
2012-09-30,94.26,7015.0,8.11,68.8496702,511.2188303465269,4.676666666666667,7015.0,4.676666666666667,131.5105,5971.99,,1771.0999755859375,,2284.88,10.55,13.02,,,,7.75,,,1.6369999647140503,,2.8000000000000007,-0.35999999999999943,,,,0.003786469380074887,,0.9129407233640279,33490.270000000004,,0.009269111969429944
2012-10-31,95.07,7045.0,7.73,79.47875520000001,522.1089073660701,4.696666666666666,7045.0,4.696666666666666,129.0859,5513.64,,1717.5,,2112.11,10.5,12.48,,,,7.83,,,1.6859999895095823,,2.67,0.09999999999999964,,,,-0.0012651507089770798,,0.22593046763662875,14448.86,,0.006213921035841969
2012-11-30,94.71,7076.0,7.34,114.7276212,491.2921828051703,4.717333333333333,7076.0,4.717333333333333,130.234,5351.25,,1710.9000244140625,,2054.91,10.35,12.85,,,,7.92,,,1.6059999465942385,,2.4299999999999997,0.5800000000000001,,,,-0.0023052129463312157,,0.16776890472088804,14121.619999999999,,0.005194072472015221
2012-12-31,96.82,7106.0,8.61,133.47473359999998,553.1958336987818,4.737333333333333,7106.0,4.737333333333333,128.036,5643.0,,1674.800048828125,,2167.58,9.675,11.69,,,,8.0,,,1.75600004196167,,1.6750000000000007,-0.6099999999999994,,,,-0.001968517049789235,,0.13344836176750108,12347.19,,0.0070236358720854085
2013-01-31,98.59,7139.0,6.6,148.77982369999998,502.2702987304284,4.759333333333333,7139.0,4.759333333333333,126.72,5816.89,3197.61,1660.5999755859375,,2234.51,9.625,11.25,,,,7.96,,,1.9850000143051147,,1.665,1.3600000000000003,,,,-0.0015477392959279107,,1.5326134141265868,24479.87,,0.004632178535683756
2013-02-28,100.03,7172.0,6.5,153.3895312,469.4230744996838,4.781333333333333,7172.0,4.781333333333333,126.7342,5635.9,3194.39,1577.699951171875,,2165.24,9.425,11.1,,,,7.92,,,1.888000011444092,,1.5050000000000008,1.42,,,,-0.006820316136846166,,0.660698121224437,15833.43,,0.004377256697337223
2013-03-31,102.44,7205.0,6.76,152.3666472,511.3652636863324,4.803333333333334,7205.0,4.803333333333334,126.7005,5735.68,3293.57,1594.800048828125,,2205.05,9.425,11.35,,,,7.88,,,1.8519999980926511,,1.5450000000000008,1.12,,,,-0.001621856919633938,,0.9249087322282941,17286.97,,0.0033738330659876773
2013-04-30,98.91,7238.0,6.65,108.6639283,515.3293172313753,4.825333333333333,7238.0,4.825333333333333,125.9673,5953.19,3365.79,1472.199951171875,,2280.76,9.475,11.34,,,,7.83,,,1.6749999523162842,,1.6449999999999996,1.1799999999999997,,,,-0.002420977609409333,,0.3840693453059506,16622.2,,0.0024599860555652013
2013-05-31,100.75,7270.0,6.38,100.7244642,512.3554990725178,4.846666666666667,7270.0,4.846666666666667,126.2432,6463.06,3646.32,1392.5999755859375,,2481.84,9.0,10.86,,,,7.79,,,2.1640000343322754,,1.21,1.4100000000000001,,,,0.001229275486153224,,0.29328240337813877,28504.65,,0.006316487411542515
2013-06-30,102.59,7303.0,6.77,121.50650610000002,528.2331006348323,4.868666666666667,7303.0,4.868666666666667,127.9125,6121.01,3431.74,1223.800048828125,,2350.74,8.75,10.66,,,,7.75,,,2.4779999256134038,,1.0,0.9800000000000004,,,,0.0015777812479328083,,0.11312607944732299,17543.47,,0.005092040086558805
2013-07-31,102.24,7336.0,6.97,144.0328344,526.6277433381692,4.890666666666666,7336.0,4.890666666666666,131.1345,6037.22,3428.96,1312.4000244140625,,2323.35,8.775,10.56,,,,7.71,,,2.5929999351501465,,1.0650000000000004,0.7400000000000002,,,,-0.003020006099260253,,0.3901005014311232,10898.28,,0.005356849878288968
2013-08-31,100.59,7369.0,7.32,165.90774710000002,540.0171500252005,4.9126666666666665,7369.0,4.9126666666666665,131.9682,5834.04,3261.33,1396.0999755859375,,2402.88,8.7,10.56,,,,7.67,,,2.749000072479248,,1.0299999999999994,0.34999999999999964,,,,0.0015404279533983605,,0.14681548808096948,13886.33,,0.007603879872226627
2013-09-30,101.38,7402.0,7.43,121.5872601,557.7681820988254,4.934666666666667,7402.0,4.934666666666667,132.3465,5803.32,3214.37,1326.5,,2390.16,8.425,10.57,,,,7.62,,,2.615000009536743,,0.8050000000000006,0.1900000000000004,,,,0.003874162009470399,,0.3141421494795328,12334.78,,0.009640406794667676
2013-10-31,101.19,7434.0,7.08,144.08936219999998,572.954526078492,4.956,7434.0,4.956,130.9955,5954.62,3282.07,1323.5999755859375,,2476.3,7.85,10.02,,,,7.58,,,2.5420000553131104,,0.2699999999999996,0.5,,,,0.003399776006351693,,0.2554779307838307,17624.57,,0.0032714421846831276
2013-11-30,102.58,7467.0,6.72,147.268378,567.7798934674968,4.978,7467.0,4.978,131.0895,5775.09,3174.63,1250.5999755859375,,2402.71,7.785,9.69,,,,7.54,,,2.740999937057495,,0.2450000000000001,0.8200000000000003,,,,0.003971450373137148,,0.10575558431937271,12626.880000000001,,0.00357418590578582
2013-12-31,102.22,7500.0,7.89,207.1582362,602.83257708076,5.0,7500.0,5.0,130.7643,5912.78,3263.87,1201.9000244140625,,2459.9,7.625,8.29,,,,7.5,,,3.026000022888184,,0.125,-0.3899999999999997,,,,0.002299361492856001,,0.2297857636489288,12826.41,,0.0033919999191682035
2014-01-31,103.66,7559.0,3.04,233.33567400000004,555.4649928517975,5.039333333333333,7559.0,5.039333333333333,130.6857,6248.08,3443.25,1240.0999755859375,,2608.27,7.45,7.14,,,,7.42,,,2.6679999828338623,,0.03000000000000025,4.38,,,,0.00333778788062412,,0.511845016045118,20810.6,,
2014-02-28,103.59,7618.0,2.99,225.85842576,502.0028602715727,5.078666666666667,7618.0,5.078666666666667,130.7968,5940.31,3223.66,1321.4000244140625,,2480.83,6.95,7.07,,,,7.33,,,2.657999992370605,,-0.3799999999999999,4.34,,,,0.006301302030883421,,0.3432883349524151,17899.64,,0.0034539878549645414
2014-03-31,102.69,7678.0,3.11,211.80177216,605.8833771114471,5.118666666666667,7678.0,5.118666666666667,130.5857,5968.31,3279.92,1283.4000244140625,,2498.0,6.95,7.05,,,,7.25,,,2.7230000495910645,,-0.2999999999999998,4.140000000000001,,,,-0.0034183667099175643,,0.18590872698158525,12476.14,,0.0035052214876448023
2014-04-30,102.07,7737.0,3.06,179.29954152000005,554.0070764109681,5.158,7737.0,5.158,130.5936,6223.67,3418.19,1295.5999755859375,,2606.26,6.925000000000001,7.02,,,,7.17,,,2.6480000019073486,,-0.24499999999999922,4.109999999999999,,,,0.006030677620939248,,0.47366724731991433,21007.31,,0.003294388242533938
2014-05-31,101.59,7796.0,2.94,143.34602832000002,557.4906459045135,5.197333333333333,7796.0,5.197333333333333,130.3833,6263.46,3454.61,1245.5999755859375,,2623.33,6.95,7.02,,,,7.08,,,2.4570000171661377,,-0.1299999999999999,4.140000000000001,,,,-0.006415119042496777,,0.41284931747054315,23566.33,,0.003183817760491106
2014-06-30,102.81,7855.0,3.12,164.24634600000002,585.1055018097321,5.236666666666666,7855.0,5.236666666666666,130.2714,6378.62,3534.43,1321.800048828125,,2673.02,6.975,6.99,,,,7.0,,,2.5160000324249268,,-0.025000000000000355,3.88,,,,0.0055674543907148315,,0.5431235082416144,18527.78,,0.00269022477539615
2014-07-31,103.31,7915.0,3.21,213.27111432000004,606.6550748186075,5.276666666666666,7915.0,5.276666666666666,130.2123,6813.9,3772.51,1281.300048828125,,2856.87,6.725,6.68,,,,6.92,,,2.555999994277954,,-0.19500000000000028,3.71,,,,0.0017714796483820209,,0.36601595452365704,34316.51,,0.004018573026316718
2014-08-31,103.97,7974.0,3.37,223.37662248,548.0727325527537,5.316,7974.0,5.316,130.1748,7034.09,3872.51,1285.800048828125,,2952.42,6.7,6.3,,,,6.83,,,2.3429999351501465,,-0.1299999999999999,3.46,,,,0.006036016144342276,,0.38496555368138674,40640.78,,0.003385730299271588
2014-09-30,105.02,8033.0,3.42,168.0032772,574.9856248534595,5.355333333333333,8033.0,5.355333333333333,130.2562,7252.14,4038.3,1210.5,,3066.35,5.699999999999999,5.89,,,,6.75,,,2.507999897003174,,-1.0500000000000007,3.33,,,,0.0019295672743233324,,1.398173724460678,46148.98,,0.002627630361047603
2014-10-31,104.08,8092.0,3.26,193.53926592000005,600.0567071720749,5.394666666666667,8092.0,5.394666666666667,130.5618,7326.81,4087.38,1171.0999755859375,,3109.56,6.0,6.0,,,,6.67,,,2.3350000381469727,,-0.6699999999999999,3.41,,,,0.004431921964541987,,1.2260737853587003,39045.27,,0.0035573024913408942
2014-11-30,105.16,8152.0,3.09,190.59580584000005,619.2519676205568,5.434666666666667,8152.0,5.434666666666667,130.9278,7153.9,3971.12,1175.199951171875,,3039.2,5.975,6.0,,,,6.58,,,2.194000005722046,,-0.6050000000000004,3.49,,,,0.005327350983542647,,0.6848315346143723,40807.94,,0.005913018470433486
2014-12-31,107.33,8211.0,3.63,284.43153024,708.8399889603842,5.474,8211.0,5.474,131.0786,7298.95,4089.14,1183.9000244140625,,3104.86,6.25,6.0,,,,6.5,,,2.1700000762939453,,-0.25,2.87,,,,0.00104453111150907,,0.2025018841429243,24322.16,,0.005054211063699974
2015-01-31,112.67,8135.0,3.6,258.96368285999995,523.519712878593,5.423333333333333,8135.0,5.423333333333333,131.6075,7180.1,3962.2,1278.5,,3042.26,6.1,6.05,,,,6.46,,,1.6749999523162842,,-0.3600000000000003,2.86,,,,-0.026985960835737833,,0.678837443216556,24852.7,,
2015-02-28,110.34,8059.0,3.54,274.3693088099999,511.6433953413521,5.3726666666666665,8059.0,5.3726666666666665,132.7221,7301.3,4115.9,1212.5999755859375,,3094.62,6.375,6.13,,,,6.42,,,2.002000093460083,,-0.04499999999999993,2.88,,,,-0.0022026591296589546,,0.3014586605140534,24142.1,,0.005581755255862915
2015-03-31,110.98,7984.0,3.68,260.29789791,644.2602425886938,5.322666666666667,7984.0,5.322666666666667,132.95,6820.3,3852.4,1183.0999755859375,,2891.17,6.625,6.8,,,,6.38,,,1.934000015258789,,0.2450000000000001,2.6999999999999997,,,,0.0055724375414742695,,0.23032198037472718,17271.7,,0.0026712538079077535
2015-04-30,110.34,7908.0,3.63,202.56367797,585.9398490044716,5.272,7908.0,5.272,132.9227,7179.0,4053.5,1182.4000244140625,,3048.67,6.15,6.5,,,,6.33,,,2.0460000038146973,,-0.17999999999999972,2.7,,,,0.0007803573317606286,,0.2629999311175037,13321.1,,0.006116574511288538
2015-05-31,108.71,7832.0,3.48,188.16409989,537.735348282721,5.221333333333333,7832.0,5.221333333333333,133.46,7220.3,4000.7,1189.4000244140625,,3067.26,6.05,6.29,,,,6.29,,,2.095000028610229,,-0.2400000000000002,2.81,,,,-0.0048908635763448526,,0.4117029531242868,27325.3,,0.0026963751439771917
2015-06-30,109.62,7756.0,3.69,191.37616047,629.565391314044,5.1706666666666665,7756.0,5.1706666666666665,133.9382,7020.8,3908.0,1171.5,,2983.02,6.125,6.28,,,,6.25,,,2.3350000381469727,,-0.125,2.56,,,,-0.0016224297304011372,,0.21840282666559394,16072.3,,0.0024266024753425764
2015-07-31,111.04,7681.0,3.8,291.37930764,599.2998373972191,5.120666666666667,7681.0,5.120666666666667,133.6818,7332.1,4108.0,1094.9000244140625,,3115.26,6.1,6.48,,,,6.21,,,2.2049999237060547,,-0.11000000000000032,2.41,,,,0.00247164900068707,,0.5720228809152366,25519.7,,0.003733836152139259
2015-08-31,111.56,7605.0,3.99,276.14108009999995,566.0370747735901,5.07,7605.0,5.07,133.8519,7306.9,4026.3,1131.5999755859375,,3104.34,6.275,6.97,,,,6.17,,,2.200000047683716,,0.10500000000000043,2.1799999999999997,,,,0.01058572755960908,,0.16679873982875584,34205.3,,0.004784793116026575
2015-09-30,107.69,7529.0,4.05,237.62950134,584.176236722284,5.019333333333333,7529.0,5.019333333333333,139.2329,7050.9,3826.2,1115.5,,2990.81,6.35,7.18,,,,6.12,,,2.059999942779541,,0.22999999999999954,2.0700000000000003,,,,-0.0048810606022985864,,0.4319231245047328,15840.9,,0.005292757375783687
2015-10-31,105.6,7454.0,3.86,219.2421948,605.1425603891124,4.969333333333333,7454.0,4.969333333333333,140.851,7042.1,3803.0,1141.5,,2990.46,6.3,7.06,,,,6.08,,,2.151000022888184,,0.21999999999999975,2.22,,,,-0.0039682029367692235,,0.6469573242912462,20720.0,,0.002795147601483389
2015-11-30,107.89,7378.0,3.67,238.91067927,574.464192736019,4.918666666666667,7378.0,4.918666666666667,141.9637,6909.2,3657.7,1065.800048828125,,2943.29,6.3,6.92,,,,6.04,,,2.2179999351501465,,0.2599999999999998,2.37,,,,-0.00028725726958417423,,0.2563118143302223,13489.4,,0.00319879973352589
2015-12-31,107.58,7302.0,4.3,341.61540474,618.5176333174204,4.868,7302.0,4.868,143.335,6894.5,3625.69,1060.300048828125,,2938.0,6.4,7.11,,,,6.0,,,2.2690000534057617,,0.40000000000000036,1.7000000000000002,,,,0.0034725536344471443,,0.11109598366235533,20491.28,,0.0027749862036335242
2016-01-31,108.84,7194.0,3.78,333.3145392,563.4316940355515,4.796,7194.0,4.796,143.5505,6340.05,3302.01,1116.4000244140625,,2706.66,6.75,7.8,,,,6.08,,,1.930999994277954,,0.6699999999999999,2.3000000000000003,,,,0.0031848519093629507,,0.14310626380853156,14216.37,,0.00930306592440124
2016-02-29,107.68,7086.0,3.72,339.17688108,554.1924570180978,4.724,7086.0,4.724,143.639,6191.81,3249.46,1233.9000244140625,,2646.08,7.525,8.5,,,,6.17,,,1.7400000095367432,,1.3550000000000004,2.4499999999999997,,,,0.0002160137096500454,,0.16777648446003143,12729.63,,0.00564075880299975
2016-03-31,105.64,6979.0,3.87,330.84573324,675.7404718166489,4.652666666666667,6979.0,4.652666666666667,145.1335,6071.88,3204.44,1234.199951171875,,2586.15,8.075,9.9,,,,6.25,,,1.7860000133514404,,1.8249999999999993,2.38,,,,0.005100371252030905,,0.2671732111439785,17899.350000000002,,0.007408962417666883
2016-04-30,105.01,6871.0,3.81,233.95667988,578.0044486161236,4.580666666666667,6871.0,4.580666666666667,145.2019,6516.26,3435.55,1289.199951171875,,2776.54,8.100000000000001,10.17,,,,6.33,,,1.819000005722046,,1.7700000000000014,2.52,,,,0.01137927161302025,,0.5508654656514943,13441.42,,0.005306768465986025
2016-05-31,105.14,6763.0,3.66,214.53048816,597.2366386830122,4.508666666666667,6763.0,4.508666666666667,145.9081,6550.51,3425.57,1214.800048828125,,2791.18,8.16,10.48,,,,6.42,,,1.8339999914169312,,1.7400000000000002,2.76,,,,-0.0003571603046661551,,0.2509010526014087,17204.38,,0.0037891866225986137
2016-06-30,107.14,6655.0,3.88,202.51071431999995,644.480992933533,4.4366666666666665,6655.0,4.4366666666666665,145.8609,6283.27,3300.2,1318.4000244140625,,2677.63,8.19,10.55,,,,6.5,,,1.4880000352859497,,1.6899999999999995,2.62,,,,-0.001212009539053739,,0.16778270336080786,11061.23,,0.0027191659523591784
2016-07-31,108.77,6547.0,4.0,359.17094963999995,572.7679136535048,4.3646666666666665,6547.0,4.3646666666666665,145.401,6393.87,3414.39,1349.0,,2724.76,8.4,10.48,,,,6.58,,,1.4579999446868896,,1.8200000000000003,2.58,,,,0.0002690438479487498,,0.16400710521293618,11993.44,,0.0033069955518115366
2016-08-31,106.3,6439.0,4.2,319.60314432,618.2873505229056,4.292666666666666,6439.0,4.292666666666666,145.2035,6528.21,3585.14,1306.9000244140625,,2782.8,8.4,10.75,,,,6.67,,,1.5679999589920044,,1.7300000000000004,2.4699999999999998,,,,-0.0020795706962161062,,0.39463849360356473,20731.62,,0.00497980100818812
2016-09-30,105.64,6332.0,4.26,254.77082436,577.8753625923472,4.221333333333333,6332.0,4.221333333333333,145.4581,6534.77,3617.32,1313.300048828125,,2785.7,8.42,10.11,,,,6.75,,,1.6080000400543213,,1.67,2.49,,,,0.0009905788653134739,,0.47406396955881824,12898.5,,0.0020714950332061987
2016-10-31,105.86,6224.0,4.06,258.0648531599999,607.532058283979,4.149333333333334,6224.0,4.149333333333334,146.76,6409.23,3559.92,1271.5,,2732.4,8.42,10.24,,,,6.83,,,1.8339999914169312,,1.5899999999999999,2.7700000000000005,,,,-0.00212230952644908,,0.05211535646318255,9382.8,,0.0023697072867322824
2016-11-30,107.87,6116.0,3.85,286.88417387999993,567.3784015429475,4.077333333333334,6116.0,4.077333333333334,147.81,6241.1,3467.1,1170.800048828125,,2659.5,8.43,10.25,,,,6.92,,,2.368000030517578,,1.5099999999999998,3.07,,,,0.0014800006229124599,,0.2179357021996616,8269.5,,0.0025901950350253823
2016-12-31,109.34,6008.0,4.52,385.66043124,684.6037351582894,4.005333333333334,6008.0,4.005333333333334,148.8152,6228.26,3496.44,1150.0,,2745.41,8.42,10.17,,,,7.0,,,2.446000099182129,,1.42,2.4800000000000004,,,,-0.0027978280183429743,,0.07358099518833253,24749.58,,0.003932517593376784
2017-01-31,109.57,6171.0,7.36,406.80882336,670.2874237389387,4.114,6171.0,4.114,149.8342,6132.68,3489.61,1208.5999755859375,,2701.6,8.375,10.37,,,,7.04,,,2.450999975204468,,1.335,-0.3200000000000003,,,,-0.0012808376407424274,,0.6100533017471128,13608.51,,0.002832473557009262
2017-02-28,108.82,6333.0,7.24,366.300411942,598.086845291198,4.222,6333.0,4.222,150.8721,6134.28,3543.82,1252.5999755859375,,2698.4,8.495000000000001,10.58,,,,7.08,,,2.3580000400543213,,1.415000000000001,-0.16000000000000014,,,,0.001997337548161989,,0.8919285502520012,12554.18,,0.002219238570036356
2017-03-31,107.7,6496.0,7.53,348.791831976,643.058386094087,4.330666666666667,6496.0,4.330666666666667,151.5048,6061.94,3438.88,1247.300048828125,,2662.86,8.75,10.98,,,,7.12,,,2.3959999084472656,,1.63,-0.41000000000000014,,,,0.0035960680359287517,,0.654465499500537,19398.21,,0.0024500397455729512
2017-04-30,106.86,6658.0,7.41,297.185936974,487.94389290657216,4.438666666666666,6658.0,4.438666666666666,151.862,6610.46,3786.39,1266.0999755859375,,2908.77,8.7,11.02,,,,7.17,,,2.282000064849853,,1.5299999999999994,-0.2400000000000002,,,,0.005888300451935061,,0.6784242136710706,26161.55,,0.004644628716496461
2017-05-31,106.0,6821.0,7.11,226.050028666,600.7025576092499,4.5473333333333334,6821.0,4.5473333333333334,152.3909,6674.32,3818.9,1272.0,,2952.54,8.725,10.73,,,,7.21,,,2.196000099182129,,1.5149999999999997,0.09999999999999964,,,,0.00286130955622012,,0.20245957717761656,17496.68,,0.004850861498368305
2017-06-30,106.91,6984.0,7.55,228.757636626,590.8851105181104,4.656,6984.0,4.656,152.8082,6747.07,3933.51,1240.699951171875,,3041.23,8.75,10.47,,,,7.25,,,2.302000045776367,,1.5,-0.2999999999999998,,,,0.006623269513168753,,0.39777326936798596,21312.1,,0.0030478255407409434
2017-07-31,105.04,7146.0,7.78,381.071711532,629.2901463776334,4.764,7146.0,4.764,153.5875,6637.39,3811.01,1266.5999755859375,,3010.15,8.725,9.99,,,,7.29,,,2.2920000553131104,,1.4349999999999996,-0.4900000000000002,,,,-0.0004214501697562252,,0.16881882962643058,14530.71,,0.00281485251067076
2017-08-31,103.48,7309.0,8.17,354.08094012799995,599.8838418158387,4.8726666666666665,7309.0,4.8726666666666665,153.0978,6390.74,3685.96,1316.199951171875,,2897.75,8.125,9.67,,,,7.33,,,2.121000051498413,,0.7949999999999999,-0.8399999999999999,,,,7.511149365852326e-05,,0.2917194374946079,13938.789999999999,,0.0026796269021258663
2017-09-30,103.54,7471.0,8.29,269.04906850199995,537.7758451288071,4.980666666666667,7471.0,4.980666666666667,152.8125,6438.24,3687.97,1281.5,,2919.7,8.15,9.1,,,,7.38,,,2.325999975204468,,0.7700000000000005,-0.9099999999999993,,,,0.0007302797606669231,,0.2679521868685139,26573.04,,0.002497928475200047
2017-10-31,104.48,7634.0,7.9,282.68354365399995,546.2579003477305,5.089333333333333,7634.0,5.089333333333333,153.4905,6617.36,3899.63,1267.0,,3008.75,8.175,9.51,,,,7.42,,,2.375999927520752,,0.7550000000000008,-0.4800000000000004,,,,0.0015456163990428774,,0.24346987951807228,23828.89,,0.0026736501014718835
2017-11-30,105.24,7796.0,7.5,310.653504786,588.3876285496235,5.197333333333333,7796.0,5.197333333333333,153.5925,6411.84,3724.96,1273.199951171875,,2922.66,8.175,9.44,,,,7.46,,,2.4170000553131104,,0.7150000000000007,-0.040000000000000036,,,,0.000984601444721327,,0.15434569878124724,20245.85,,0.003507769441237971
2017-12-31,105.57,7959.0,8.79,453.498369936,671.3964371688033,5.306,7959.0,5.306,153.1085,6369.26,3671.72,1306.300048828125,,2899.29,8.175,8.9,,,,7.5,,,2.4049999713897705,,0.6750000000000007,-1.2899999999999991,,,,0.0007727587241367475,,0.13105967323034262,10942.72,,0.0019243099834827281
2018-01-31,103.34,7959.0,2.04,448.4699049600001,729.3548966460536,5.306,7959.0,5.306,153.7452,6476.41,3747.3,1339.0,,2961.47,8.125,8.9,,,,,,,2.720000028610229,,,,,,,0.0034739980307600194,,0.3129864560505425,17458.13,,0.003826643588723363
2018-02-28,95.42,7927.0,2.01,442.26441072000006,571.5002263413448,5.284666666666666,7927.0,5.284666666666666,154.7737,6551.78,3710.14,1315.5,,3046.35,8.125,9.45,,,,,,,2.868000030517578,,,,,,,-0.001165415959594449,,0.3443826218261198,19513.21,,
2018-03-31,94.81,8021.0,2.09,438.06734928,677.6961157626178,5.347333333333333,8021.0,5.347333333333333,155.6386,6476.78,3650.1,1322.800048828125,,3032.71,8.325,9.69,,,,,,,2.740999937057495,,,,,,,0.00566387774680935,,1.1630324033620094,33433.51,,0.0031981399881942448
2018-04-30,94.72,8662.0,2.05,338.67245016000004,541.1780994671594,5.774666666666667,8662.0,5.774666666666667,156.1857,6531.06,3660.1,1316.199951171875,,3049.25,7.85,9.59,,,,,,,2.936000108718872,,,,,,,0.0014280463324143795,,0.31875051242108715,11661.289999999999,,0.0031699186709293115
2018-05-31,96.5,8961.0,1.97,243.01286064,580.4019949922705,5.974,8961.0,5.974,157.7527,6398.44,3567.04,1300.0999755859375,,2989.02,7.925000000000001,9.73,,,,,,,2.822000026702881,,,,,,,-0.003516543373664392,,0.7720824885748506,15741.84,,0.0021799939142677777
2018-06-30,98.31,8843.0,2.09,275.6020291200001,523.6405184273614,5.895333333333333,8843.0,5.895333333333333,158.9619,6194.63,3388.88,1251.300048828125,,2893.76,8.485,9.39,,,,,,,2.8489999771118164,,,,,,,0.0021250627133508992,,0.3272213314165653,11586.69,,0.0028405474007091066
2018-07-31,99.0,8470.0,2.15,408.87374616000005,619.2971944301521,5.6466666666666665,8470.0,5.6466666666666665,159.3548,6147.27,3333.42,1223.699951171875,,2878.59,8.425,9.27,,,,,,,2.96399998664856,,,,,,,0.0029846342929028265,,0.14239610364796654,8649.34,,0.004985563741195163
2018-08-31,99.35,8092.0,2.26,376.0818573600001,534.1970182243219,5.394666666666667,8092.0,5.394666666666667,160.3217,6080.26,3229.21,1200.300048828125,,2848.52,7.975,8.99,,,,,,,2.8529999256134038,,,,,,,0.0005889640161891064,,0.2243270189431705,12027.03,,0.0031743634171924476
2018-09-30,96.42,7919.0,2.3,279.84226248000004,499.5686117071165,5.279333333333334,7919.0,5.279333333333334,165.2237,5862.18,3002.0,1191.5,,2752.86,8.399999999999999,9.51,,,,,,,3.055999994277954,,,,,,,-0.0012155320215748203,,0.2299717384828869,10916.23,,0.004333862275223444
2018-10-31,92.78,7513.0,2.19,287.41799592,599.092454277415,5.008666666666667,7513.0,5.008666666666667,171.3614,5953.47,3084.08,1212.300048828125,,2793.05,8.45,10.39,,,,,,,3.1589999198913574,,,,,,,-0.001820807884283961,,0.48519718587207533,17608.35,,0.004957601000681277
2018-11-30,91.08,7161.0,2.08,367.11523728,555.0423235268939,4.774,7161.0,4.774,176.7275,6019.33,3178.51,1220.199951171875,,2823.95,8.925,11.2,,,,,,,3.013000011444092,,,,,,,0.00443389562422635,,0.504325501513837,24788.08,,0.009739581151670935
2018-12-31,89.41,6919.0,2.44,475.20833976000006,584.450098589887,4.612666666666667,6919.0,4.612666666666667,180.0794,6052.37,3135.18,1278.300048828125,,2839.45,8.95,11.2,,,,,,,2.686000108718872,,,,,,,-0.0004919632256998174,,0.10161122752645758,16685.13,,0.003425330190386048
2019-01-31,88.4,6973.0,2.7,460.339713288,545.3254992794382,4.648666666666666,6973.0,4.648666666666666,181.6025,5989.9,3073.71,1319.699951171875,,2799.4,9.0,10.7,,,,8.0,7.0,8.0,2.634999990463257,,1.0,5.3,,,,-0.00023203037531936845,,0.15789097663785095,12157.14,,0.0026069235849392725
2019-02-28,89.1,7215.0,2.4,475.029782136,500.492162671479,4.81,7215.0,4.81,178.3944,5816.29,2978.91,1312.800048828125,,2718.58,8.975,10.73,,,,8.0,7.0,8.0,2.7109999656677246,,0.9749999999999996,5.6,,,,0.002808132165979592,,0.7785755798983293,14194.24,,0.002365275783421851
2019-03-31,88.66,7468.0,3.0,460.507459776,571.431009617002,4.978666666666666,7468.0,4.978666666666666,178.0952,5557.24,2738.95,1293.0,,2605.9,8.51,10.4,,,,8.0,7.0,8.0,2.4140000343322754,,0.5099999999999998,5.0,,,,0.00017276254550991266,,0.12533481714570782,11404.23,,0.004426526738760552
2019-04-30,90.53,7654.0,4.5,314.7131442,553.6920420435212,5.102666666666667,7654.0,5.102666666666667,174.6432,5478.41,2627.46,1282.800048828125,,2572.51,8.475,9.91,,,,8.0,7.0,8.0,2.509000062942505,,0.47499999999999964,3.5,,,,0.006427581158055625,,0.07680047890970297,7823.63,,0.004628313726664177
2019-05-31,91.63,8413.0,4.1,71.248907184,562.1201492822893,5.608666666666666,8413.0,5.608666666666666,176.15,5310.95,2469.82,1305.800048828125,,2502.27,7.95,8.88,,,,8.0,7.0,8.0,2.1419999599456787,,-0.04999999999999982,3.9000000000000004,,,,-0.002555595914515723,,0.06704312484264288,8375.9,,0.006594505328628366
2019-06-30,92.11,8649.0,4.7,118.877601024,536.6275845682627,5.766,8649.0,5.766,176.4635,5372.28,2496.56,1409.699951171875,,2523.38,7.875,8.7,,,,8.0,7.0,8.0,2.0,,-0.125,3.3,,,,0.0050665334400398845,,0.11924878535931965,9834.18,,0.003980470401362106
2019-07-31,91.77,8580.0,4.4,218.072319192,625.6805908103535,5.72,8580.0,5.72,175.8832,5935.34,2983.45,1426.0999755859375,,2797.91,7.725,8.38,,,,8.0,7.0,8.0,2.0209999084472656,,-0.27500000000000036,3.5999999999999996,,,,-0.002760980260848892,,0.3914064426661329,25026.06,,0.004936696119954815
2019-08-31,91.84,8081.0,4.6,270.631628904,518.2479690698589,5.387333333333333,8081.0,5.387333333333333,177.9386,5889.86,2908.44,1519.0999755859375,,2780.49,7.425,8.22,,,,8.0,7.0,8.0,1.50600004196167,,-0.5750000000000002,3.4000000000000004,,,,-0.001801475253826793,,0.40627731083370205,14680.61,,0.00755829556553846
2019-09-30,91.1,7695.0,4.8,204.6412914,516.2660983194008,5.13,7695.0,5.13,180.7975,5738.24,2759.72,1465.699951171875,,2709.22,7.425000000000001,8.41,,,,8.0,7.0,8.0,1.6749999523162842,,-0.5749999999999993,3.2,,,,-0.000185370459929135,,0.2842478646990647,14815.08,,0.003183373166534239
2019-10-31,90.23,7661.0,5.0,223.805856456,607.0442233570847,5.107333333333333,7661.0,5.107333333333333,181.3155,5990.24,2980.11,1511.4000244140625,,2781.67,7.425000000000001,8.34,,,,8.0,7.0,8.0,1.690999984741211,,-0.5749999999999993,3.0,,,,0.005519155655324208,,0.4596627205959011,16547.760000000002,,0.0041834649599299875
2019-11-30,91.64,7583.0,4.1,333.578027328,515.26123914573,5.0553333333333335,7583.0,5.0553333333333335,180.3111,6211.97,3072.15,1465.5999755859375,,2889.79,7.46,8.22,,,,8.0,7.0,8.0,1.7760000228881836,,-0.54,3.9000000000000004,,,,0.0017481550142913428,,0.5555144145422332,25375.15,,0.004028807561862021
2019-12-31,91.2,7642.0,4.8,455.484489096,665.0234761837822,5.094666666666667,7642.0,5.094666666666667,181.1976,6129.21,2936.96,1519.5,,2851.31,7.475,8.45,,,,8.0,7.0,8.0,1.919000029563904,,-0.5250000000000004,3.2,,,,-0.0043613487217847415,,0.3385812135474571,11174.01,,0.004811123081942739
2020-01-31,92.49,7510.0,4.7,307.03928157,580.9276408043164,5.006666666666667,7510.0,5.006666666666667,181.3219,5929.76,2835.04,1582.9000244140625,,2761.11,7.0,8.59,,,,7.5,6.5,7.5,1.5199999809265137,,-1.0,2.8,,,,0.000344086605269819,,0.19101013722741939,37802.68,,0.004956687440569267
2020-02-29,93.09,7288.0,5.5,278.911196235,527.32246625236,4.858666666666666,7288.0,4.858666666666666,181.5016,5592.92,2631.99,1564.0999755859375,,2599.15,6.95,8.58,,,,7.5,6.5,7.5,1.1269999742507937,,-0.5499999999999998,2.0,,,,-0.01331187364221281,,0.2904718850393398,8396.74,,0.0052371658213638825
2020-03-31,92.31,7232.0,5.9,95.92877384999998,492.0915681614186,4.8213333333333335,7232.0,4.8213333333333335,184.4095,4571.63,1947.42,1583.4000244140625,,2128.3,6.75,7.5,,,,7.25,6.25,7.25,0.6980000138282776,,-0.75,1.3499999999999996,,,,-0.029275569950700128,,0.19771648733731145,6324.67,,0.010877988621003741
2020-04-30,89.88,7085.0,5.2,95.92877384999998,375.0192363972781,4.723333333333334,7085.0,4.723333333333334,191.3536,,,1684.199951171875,,,6.425000000000001,7.0,,,,6.5,5.5,6.5,0.621999979019165,,-0.8249999999999993,1.2999999999999998,,,,,,,0.0,,
2020-05-31,92.7,6905.0,4.0,95.92877384999998,431.75753243500594,4.6033333333333335,6905.0,4.6033333333333335,187.5425,4846.76,2016.08,1736.9000244140625,,2265.99,5.824999999999999,6.93,,,,6.5,5.5,6.5,0.6480000019073486,,-0.6750000000000007,2.5,,,,-0.008300917201017019,,0.6803251558921266,22809.16,,0.01829632985035695
2020-06-30,92.89,6667.0,4.4,95.92877384999998,572.4980030213977,4.4446666666666665,6667.0,4.4446666666666665,185.8705,5149.57,2268.77,1793.0,,2404.67,5.55,5.66,,,,6.5,5.5,6.5,0.652999997138977,,-0.9500000000000002,2.0999999999999996,,,,-0.0008152696567585683,,0.9562310005115047,29071.94,,0.007417967525273978
2020-07-31,92.16,6670.0,5.0,95.92877384999998,702.08852611799,4.446666666666666,6670.0,4.446666666666666,185.7377,5124.26,2179.65,1962.800048828125,,2411.67,4.54,4.86,,,,5.5,4.5,5.5,0.5360000133514404,,-1.96,0.5,,,,0.00708164442256226,,0.5797849622875435,26579.31,,0.00761240805655971
2020-08-31,91.32,6840.0,6.3,95.92877384999998,664.4567732301396,4.56,6840.0,4.56,184.8529,5329.33,2359.75,1967.5999755859373,,2316.19,4.53,4.89,,,,5.5,4.5,5.5,0.6930000185966492,,-0.9699999999999998,-0.7999999999999998,,,,-0.0023371097506069173,,0.5901113466511815,34401.58,,0.0049720221797219955
2020-09-30,91.49,6823.0,4.8,95.92877384999998,702.6503317634936,4.548666666666667,6823.0,4.548666666666667,184.9519,5984.84,2463.27,1887.5,,2595.84,4.535,4.88,,,,5.5,4.5,5.5,0.6769999861717224,,-0.9649999999999999,0.7000000000000002,,,,-0.001454285848949478,,0.7955536550788954,49955.62,,0.00539640249599971
2020-10-31,91.4,6861.0,4.1,95.92877384999998,630.7136177195367,4.574,6861.0,4.574,184.3767,5726.59,2282.2,1877.4000244140625,,2494.26,4.535,4.96,,,,5.5,4.5,5.5,0.8600000143051147,,-0.9649999999999999,1.4000000000000004,,,,0.022317928749236462,,0.6582473358831877,58170.95,,0.013925378332542381
2020-11-30,91.13,5670.0,4.0,95.92877384999998,611.6708594744056,3.78,5670.0,3.78,184.8094,6243.76,2453.87,1775.699951171875,,2728.11,4.54,5.0,,,,5.5,4.5,5.5,0.843999981880188,,-0.96,1.5,,,,0.005311076335513967,,0.8822151599458966,53350.200000000004,,0.011741566411033801
2020-12-31,88.18,5664.0,4.2,0.5282332650000001,812.7378063911985,3.776,5664.0,3.776,186.6329,6774.22,2638.1,1893.0999755859373,,2960.65,4.54,5.03,,,,5.5,4.5,5.5,0.9169999957084656,,-0.96,1.2999999999999998,,,,0.003876584383410722,,1.0127573336936146,67560.58,,0.005036638143519901
2021-01-31,88.97,5034.0,4.2,4.3837293200000005,675.3390054353866,3.356,5034.0,3.356,187.0,8668.07,3514.18,1847.300048828125,,3789.15,4.545,4.98,,,15.86,5.5,4.5,5.5,1.093000054359436,,-0.9550000000000001,1.2999999999999998,,1484.5999941825867,,0.016729011482136926,,3.541266510958922,185769.69,,0.015049271012482277
2021-02-28,87.14,4836.0,5.1,8.77267116,579.6821699858931,3.224,4836.0,3.224,194.01,7476.34,2966.63,1728.0999755859375,349239.85,3269.43,4.545,5.09,,,16.51,5.5,4.5,5.5,1.4600000381469729,1.449086919117648,-0.9550000000000001,0.40000000000000036,,1512.099994182587,-0.0002576854705423322,0.01407331857354691,0.01433100404408924,0.9195761952389254,97739.73,0.002061233098942221,0.030492115906874645
2021-03-31,86.18,4495.0,5.5,11.939277059999997,612.039426055064,2.9966666666666666,2995.0,1.9966666666666666,199.04,7121.28,2850.12,1713.800048828125,334621.19,3111.26,4.625,5.11,,,16.13,5.5,4.5,5.5,1.746000051498413,-1.903632573985159,-0.875,0.0,,1438.3999948501587,-0.0020076296644878982,0.0008653873710254102,0.0028730170355133083,0.2500241059892134,40944.88,0.003522380155298665,0.017287343014832972
2021-04-30,86.07,4555.0,5.5,10.86289168,518.7544137326089,3.0366666666666666,3055.0,2.0366666666666666,199.54,7208.2,2869.25,1767.300048828125,352778.3,3178.8,4.65,5.18,,,15.22,5.5,4.5,5.5,1.63100004196167,0.0372180218683793,-0.8499999999999996,0.0,,1359.9999995231628,-0.001051867161022951,-0.001178517838433118,-0.0001266506774101671,0.3599974833270416,52996.39,0.004491771898771431,0.009492095890604622
2021-05-31,85.03,4538.0,5.0,3.90157122,460.114150675105,3.025333333333333,3038.0,2.025333333333333,199.5,7403.44,2978.81,1902.5,380914.33,3268.27,4.675,5.18,,,14.19,5.5,4.5,5.5,1.5809999704360962,-0.3881522266199866,-0.8250000000000002,0.5,,1262.5999989509583,-0.0008016434118364417,0.006155002059248024,0.006956645471084466,1.0212344757318093,37023.8,0.0032034962575131004,0.01015580731877456
2021-06-30,86.05,4003.0,5.2,4.206503639999999,478.4486578808749,2.6686666666666667,2503.0,1.6686666666666667,201.14,7837.76,2968.26,1770.800048828125,354897.11,3470.24,4.875,5.21,,,15.14,5.5,4.5,5.5,1.4429999589920044,-0.35982267967487047,-0.625,0.2999999999999998,,1369.7000041007996,0.006183941509979885,-0.00240595487657073,-0.008589896386550614,0.4939053206694638,46472.63,0.000848404987757169,0.004222295329896456
2021-07-31,87.03,2842.0,6.0,6.33060554,453.2632668392378,1.8946666666666667,1342.0,0.8946666666666667,199.9,8120.48,3062.17,1812.5999755859373,365562.13,3598.61,5.1,5.25,,,16.06,5.5,4.5,5.5,1.2389999628067017,0.8896081395512123,-0.40000000000000036,-0.5,,1479.89999628067,0.0,-0.002494276022515773,-0.002494276022515773,0.7078566446489062,53813.32,0.0019013712251892633,0.005402403171000876
2021-08-31,86.71,2771.0,6.0,13.1355504,446.6176342664486,1.8473333333333333,1271.0,0.8473333333333334,210.0,8997.6,3364.59,1815.0,380701.65,4009.46,5.8,5.93,,,14.93,5.5,4.5,5.5,1.3040000200271606,-0.11763085399448814,0.2999999999999998,-0.5,,1358.7999992370605,0.03577522709193739,0.011531512688990624,-0.024243714402946766,2.710043247719144,143510.25,0.0006037868934347364,0.013049119510474114
2021-09-30,86.46,2506.0,6.2,35.30700422,353.22780133179384,1.6706666666666667,1006.0,0.6706666666666666,199.99,9459.94,3534.82,1755.300048828125,346524.22,4215.63,5.925000000000001,6.5,,,16.1,5.5,4.5,5.5,1.5290000438690186,-1.287091255790651,0.4250000000000007,-0.7000000000000002,,1455.8999991416933,0.0,0.0027702358865637805,0.0027702358865637805,1.6468119830250758,134726.8,0.012228536003153746,0.016990261861669288
2021-10-31,88.18,2287.0,7.6,59.34714646,317.38781426512065,1.5246666666666666,787.0,0.5246666666666666,201.87,10162.93,3708.52,1783.0,362861.21,4529.29,5.9,8.18,,,15.57,5.5,4.5,5.5,1.5570000410079956,0.8132041686173874,0.40000000000000036,-2.0999999999999996,,1404.0999956130981,0.00915657056917476,0.0024708422789249413,-0.006685728290249819,1.089729295320017,77677.17,0.003941271572847078,0.007127745653199567
2021-11-30,90.2,1603.0,9.9,115.44168044,271.43416537213164,1.0686666666666667,103.0,0.06866666666666667,202.05,11440.53,3875.96,1773.5999755859375,361493.11,5105.73,5.91,8.16,,,17.58,5.5,4.5,5.5,1.4429999589920044,0.8754523508993639,0.41000000000000014,-4.4,,1593.5000019073484,0.0014363193078732496,0.021061945514881962,0.019625626207008712,1.9692639446269196,153390.63,0.0055240854923618715,0.01299333707114572
2021-12-31,93.42,1594.0,12.1,233.27590756,325.155964755842,1.0626666666666666,94.0,0.06266666666666666,200.43,12226.01,4233.25,1827.5,363794.36,5489.17,5.94,8.24,,,20.41,5.5,4.5,5.5,1.5119999647140503,-0.6801969472883695,0.4400000000000004,-6.6,,1886.7000017166138,-0.012740920436291634,0.01701451931332198,0.029755439749613616,1.5008498552604492,149091.82,0.004948586535136167,0.012209136694374033
2022-01-31,91.54,2361.0,14.2,151.7358399144,259.2224004013944,1.574,861.0,0.574,201.19,13009.5,4397.57,1795.0,359927.68,5815.46,6.45,8.55,,,20.11,6.0,5.0,6.0,1.781999945640564,-0.3346024303029327,0.9500000000000002,-8.2,,1826.1999950408936,-0.004017962200059891,-0.0017523123971974503,0.0022656498028624412,1.1923820299683945,164202.78,0.0058011686142286426,0.008723006408711402
2022-02-28,91.95,2315.0,15.1,169.40481704100003,204.92486303716285,1.5433333333333332,815.0,0.5433333333333333,201.06,11577.94,3936.81,1899.4000244140625,384052.24,5251.75,6.475,8.53,,,20.72,6.0,5.0,6.0,1.83899998664856,0.5653072996469666,0.47499999999999964,-9.1,,1874.3000001907349,0.005650292589958284,0.041434921903611414,0.03578462931365313,0.8167944018660447,86582.02,0.0030615530336279705,0.01584729660323684
2022-03-31,73.92,1932.0,18.7,161.2374855,318.4002148284584,1.288,432.0,0.288,299.0,8903.87,3031.16,1949.199951171875,576139.02,3826.5,7.475,12.0,,,21.43,6.5,5.5,6.5,2.32699990272522,-1.1447566804734244,1.4749999999999996,-12.2,,1907.1999959945679,-0.02340293230125631,-0.04297877309688889,-0.01957584079563258,0.6068522148177186,52141.0,0.04578657376594775,0.03370470109613454
2022-04-30,65.14,1892.0,29.8,108.6590791,248.94295927029472,1.2613333333333334,392.0,0.2613333333333333,341.85,7624.26,2509.24,1909.300048828125,649916.67,3226.43,14.5,24.36,,,22.38,14.5,13.5,14.5,2.88700008392334,-0.42555175143035306,8.0,-15.3,,1956.1999921798706,0.0,0.00168420373908065,0.00168420373908065,0.7712673140281984,17740.41,0.020239242922146725,0.02929476063771367
2022-05-31,63.69,1915.0,39.1,43.53804386099999,304.13890450622404,1.2766666666666666,415.0,0.27666666666666667,360.76,8108.09,2679.33,1842.699951171875,667519.64,3611.19,14.5,24.3,,,25.63,14.5,13.5,14.5,2.844000101089477,0.4132550438522342,0.0,-24.6,,2288.099992752075,0.0,-0.015085276844541156,-0.015085276844541156,0.44932003023933936,29956.44,0.011827436413739545,
2022-06-30,71.58,1856.0,54.6,45.0127134288,274.30161465382605,1.2373333333333334,356.0,0.23733333333333334,359.88,7342.33,2334.36,1804.0999755859373,655624.31,3184.16,14.5,22.04,,,29.03,14.5,13.5,14.5,2.9719998836517334,0.9803184695548639,0.0,-40.1,,2593.7000064849854,0.00044469150260333513,-0.0032077263069983995,-0.0036524178096017344,0.24665845937390082,22944.19,0.0009427537702396644,0.012932480725852217
2022-07-31,75.58,1817.0,60.8,85.0266091584,279.473219110128,1.2113333333333334,317.0,0.21133333333333335,360.8,7731.15,2448.36,1762.9000244140625,632998.34,3321.54,15.5,29.53,,,33.53,15.5,14.5,15.5,2.6419999599456787,-0.48046034280090355,1.0,-45.3,,3079.6000032424927,-0.0005541701444123004,0.006684951495098098,0.007239121639510398,0.47987680413302264,20594.31,0.0013578902037836812,0.01255874850187272
2022-08-31,77.44,1719.0,64.3,67.94319168,325.35725286826,1.146,219.0,0.146,361.15,9071.32,2928.97,1712.800048828125,622173.13,3964.04,15.5,29.83,,,30.26,15.5,14.5,15.5,3.132999897003174,0.5812353317908192,0.0,-48.8,,2712.7000102996826,-0.00038757544364250205,0.02296172849613956,0.023349303939782063,1.0737580851858206,77160.7,0.0004681114833996209,0.01042164878211876
2022-09-30,81.36,1769.0,69.8,40.5121295124,359.3294925274374,1.1793333333333333,269.0,0.17933333333333334,362.9,9931.07,3165.33,1662.4000244140625,602776.9,4341.13,15.5,29.85,,,34.66,15.5,14.5,15.5,3.803999900817871,-0.08421705928185474,0.0,-54.3,,3095.500007629394,0.0,-0.0020530572958787933,-0.0020530572958787933,0.5939144877025107,95759.67,0.00045841272797695953,0.01150888352820351
2022-10-31,81.4,1734.0,66.0,54.89877393,355.3548728418218,1.156,234.0,0.156,363.3,8602.16,2590.61,1635.9000244140625,596771.11,3779.4,15.5,29.6,,,38.92,15.5,14.5,15.5,4.077000141143799,0.41200378875594357,0.0,-50.5,,3490.5000133514404,0.0,-0.008400108033108145,-0.008400108033108145,0.28699264433507965,39698.93,0.00017944114543370915,0.016646274895516823
2022-11-30,79.82,1851.0,61.0,80.98046070660001,384.4058173866719,1.234,351.0,0.234,363.19,8651.23,2730.08,1746.0,636340.82,3888.16,15.5,29.52,,,31.87,15.5,14.5,15.5,3.703000068664551,0.34867943585172867,0.0,-45.5,,2816.699993133545,0.0,0.03242535534297871,0.03242535534297871,0.8622253199456812,32077.68,0.000228547305845808,0.013546852630284933
2022-12-31,78.84,1895.0,57.2,127.359455769,475.61069513836514,1.2633333333333334,395.0,0.2633333333333333,363.11,8489.66,2635.63,1819.699951171875,659752.71,3847.15,15.5,29.27,28.34,26.67,,15.5,14.5,15.5,3.878999948501587,-0.15112181340901643,0.0,-41.7,,,-5.507821107353875e-05,0.006818518489182414,0.006873596700255953,0.4902616222398398,47743.8,0.00026589612031348547,0.013010010434597966
2023-01-31,79.05,2129.0,53.2,153.50127706134003,437.4887211766695,1.4193333333333333,629.0,0.41933333333333334,362.14,8865.05,2764.51,1929.5,697239.01,3881.14,15.5,27.78,,,28.89,15.5,14.5,15.5,3.5290000438690186,-0.21611762149885694,0.0,-37.7,,2542.8000106811523,0.0,-0.002773348808690734,-0.002773348808690734,0.44402675502558525,37138.41,0.0005062464907478076,0.007781558274996467
2023-02-28,61.74,2220.0,50.6,161.61072694880403,407.4113413923999,1.48,720.0,0.48,361.63,9188.48,2796.71,1828.9000244140625,657645.51,3906.11,15.5,27.67,,,29.24,15.5,14.5,15.5,3.9159998893737793,-0.565420318564458,0.0,-35.1,,2536.1000051498413,-0.002402884616310315,-0.001104034405730852,0.001298850210579463,0.3620302551643451,35842.3,0.0003075731244530045,0.010848640842050991
2023-03-31,70.25,2692.0,50.3,188.83508287218004,568.3133040502482,1.7946666666666666,1192.0,0.7946666666666666,321.89,9301.09,2682.83,1969.0,624631.93,3903.54,16.375,24.31,,,27.81,15.5,14.5,15.5,3.49399995803833,-0.3229107255149577,0.875,-34.8,,2425.8999881744385,-0.04015943701169729,0.007835075827189222,0.032070107596435776,1.0935356112656716,42719.53,0.012680295750621849,0.007449336288552952
2023-04-30,70.14,3132.0,35.3,148.21812169452002,453.9889329798782,2.088,1632.0,1.088,321.65,8983.21,2617.79,1990.0999755859373,639888.9,3823.37,16.5,23.0,22.41,23.37,29.9,15.5,14.5,15.5,3.45199990272522,-0.03542440255674961,1.0,-19.799999999999997,,2637.1999883651733,6.218132075132247e-05,-0.003244127384457404,-0.0033063087052087265,0.23428807570284854,15426.26,0.00102937543720551,0.006580702126020619
2023-05-31,73.15,3243.0,25.2,99.980934039996,479.7068400575331,2.162,1743.0,1.162,295.52,8555.17,2421.49,1963.9000244140625,577206.58,3598.3,16.5,22.97,22.37,22.92,28.4,15.5,14.5,15.5,3.63700008392334,-0.6390632553225806,1.0,-9.7,,2458.600010871887,-0.003951306199657647,0.0026416569423763294,0.006592963142033977,0.09697357085290276,13995.85,0.0027379235397675997,0.006040715406308186
2023-06-30,75.13,3442.0,12.0,122.8541919168,475.7080813695716,2.2946666666666666,1942.0,1.2946666666666666,308.83,9442.95,2713.65,1921.0999755859373,591251.78,3901.28,13.625,16.99,17.81,19.43,26.88,12.0,11.0,12.0,3.819000005722046,0.11449099706137833,1.625,0.0,2.4400000000000013,2311.200011253357,0.0023016462061426313,0.00787167056447735,0.005570024358334718,0.5806555797071731,28719.39,0.006747480120057806,0.007480669172046978
2023-07-31,69.45,3629.0,6.3,218.982313497636,540.9649875806649,2.4193333333333333,2129.0,1.4193333333333333,329.36,11386.72,3309.6,1970.5,,4537.3,11.45,14.29,14.18,13.86,24.49,11.0,10.0,11.0,3.9590001106262207,,-0.5500000000000007,4.7,,2047.7999916076658,-0.000303646800377692,0.004817907051941785,0.005121553852319477,0.6068190333458224,73098.72,0.0045296828681356165,0.0070197957583811735
2023-08-31,69.63,3615.0,4.0,210.50913652932,499.1628509746794,2.41,2115.0,1.41,322.66,11114.17,3131.07,1938.199951171875,,4441.26,11.5,13.58,13.26,13.04,24.65,11.0,10.0,11.0,4.0929999351501465,,0.5,7.0,-0.5400000000000009,2055.7000064849854,0.000123498718857858,-0.00037071329601837995,-0.000494212014876238,0.37581001787780943,68871.65,0.008188893006828806,0.008776588077316117
2023-09-30,70.4,3565.0,1.3,152.189377517928,482.3674846714565,2.3766666666666665,2065.0,1.3766666666666667,324.45,11335.61,3197.72,1848.0999755859373,,4537.14,11.625,13.3,13.41,12.65,22.72,11.0,10.0,11.0,4.572999954223633,,0.625,9.7,-0.6500000000000004,1816.1999912261963,-0.0004622140133134345,0.007744538408629746,0.008206752421943181,0.3072486191741934,26779.06,0.002613010821711409,0.007497009762856478
2023-10-31,70.08,3759.0,-0.8,136.696650474108,517.3867852823716,2.506,2259.0,1.506,327.38,10647.33,2994.35,1985.199951171875,,4296.24,10.25,13.02,12.8,12.95,21.39,10.0,9.0,10.0,4.875,,-0.75,10.8,-0.07000000000000028,1654.500020980835,0.0007639303055969313,-0.0038115246665854333,-0.004575454972182365,0.17214354877753574,19591.09,0.0009095880039058238,0.00975033797974449
2023-11-30,69.47,4095.0,-1.2,205.30989463958403,537.3232669836915,2.73,2595.0,1.73,329.04,10593.9,3010.03,2038.0999755859373,,4260.86,9.1,12.89,12.67,13.05,21.58,10.0,9.0,10.0,4.352000236511231,,-0.9000000000000004,11.2,0.16000000000000014,1722.7999763488767,-0.0014273785735282492,0.007639143841873957,0.009066522415402206,0.44808559774317863,23731.25,0.0020940923393225224,0.007934707868240421
2023-12-31,69.83,4381.0,0.4,269.26826322432004,569.7359351360864,2.9206666666666665,2881.0,1.9206666666666667,323.92,10654.16,3068.36,2062.39990234375,,4248.93,9.225,12.93,12.75,13.1,21.94,10.0,9.0,10.0,3.865999937057495,,-0.7750000000000004,9.6,0.16999999999999993,1809.0000095367434,-0.0009565687684582257,-0.0016873061799717883,0.00021069230813178675,0.15120041987041444,15016.980000000001,0.0016282042610336073,0.0056214958354326
2024-01-31,73.03,4479.0,0.0,341.78878040700005,487.56912560776783,2.986,2979.0,1.986,317.41,10311.15,2896.48,2048.39990234375,,4045.8,9.1,12.78,12.5,13.07,22.36,10.0,9.0,10.0,3.9670000076293945,,-0.9000000000000004,10.0,0.2900000000000009,1818.200002670288,-0.001668372150582767,0.0005849748933198985,0.0022533470439026655,0.17197587621731178,14302.25,0.14662558046307894,0.0032507872696061098
2024-02-29,75.11,4616.0,-0.9,345.70285585000005,476.15274509709104,3.0773333333333333,3116.0,2.0773333333333333,310.15,10651.77,3037.38,2045.699951171875,,4186.09,9.225,10.05,9.93,13.03,21.48,10.0,9.0,10.0,4.251999855041504,,-0.7750000000000004,10.9,2.9799999999999986,1722.8000144958496,-0.0019326789716939815,-0.0024875693029264238,-0.0005548903312324422,0.3922156475374394,32831.87,0.034245870747763835,0.0023999228547450808
2024-03-31,75.18,4968.0,-2.5,338.3857236795,572.3817390557347,3.312,3468.0,2.312,301.18,11444.38,3317.62,2217.39990234375,,4534.65,8.825,10.28,10.04,13.0,18.14,9.5,8.5,9.5,4.205999851226807,,-1.1750000000000007,12.0,2.7200000000000006,1394.399990081787,-0.002818257530873144,0.0008645532420110048,0.0036828107728841485,0.6530934030189762,35482.37,0.0009730453631428342,0.004804041459544339
2024-04-30,76.71,5023.0,-0.7,225.71594150849995,543.8344997214689,3.3486666666666665,3523.0,2.3486666666666665,296.86,12362.95,3689.97,2291.39990234375,,4893.87,8.55,10.21,10.02,12.97,19.41,9.5,8.5,9.5,4.685999870300293,,-0.9499999999999993,10.2,2.76,1470.4000148773193,0.0022257453629204787,0.004214986442066897,0.0019892410791464187,0.7838602169653056,34467.63,0.0013292563543140035,0.005817399028532195
2024-05-31,75.73,5426.0,-1.0,153.964862976,544.4126225033511,3.6173333333333333,3926.0,2.6173333333333333,301.89,12106.49,3569.04,2322.89990234375,,4780.99,8.625,9.18,9.22,12.72,19.23,9.5,8.5,9.5,4.513999938964844,,-0.875,10.5,3.540000000000001,1467.600009918213,0.0012595295002865293,-0.005242916499815799,-0.006502446000102328,0.24446819591758193,37070.83,0.003185437394921383,0.006502495180553726
2024-06-30,75.15,5576.0,0.2,151.079915175,519.6086007985568,3.7173333333333334,4076.0,2.7173333333333334,305.71,12144.54,3588.54,2327.699951171875,,4760.0,8.65,10.31,9.75,12.82,19.35,9.25,8.25,9.25,4.3429999351501465,,-0.8499999999999996,9.05,2.51,1506.1999893188479,0.0012110303419360677,-0.0036369908086678554,-0.004848021150603923,0.46794327731092433,32898.9,0.0009243887072920398,0.005410105575945071
2024-07-31,74.37,5609.0,1.0,328.310191475,566.8300693319559,3.739333333333333,4109.0,2.739333333333333,302.37,11406.56,3265.55,2426.5,,4504.26,8.55,9.95,9.74,12.76,20.37,9.25,8.25,9.25,4.109000205993652,,-0.6999999999999993,8.25,2.8100000000000005,1611.399995803833,-0.0017182702572103804,-0.009093621597828727,-0.0073753513406183465,0.880364366177796,23210.29,0.0026641076297055023,0.0044152101923388126
2024-08-31,72.79,6220.0,2.5,282.0869865110001,577.4570513490174,4.1466666666666665,4720.0,3.1466666666666665,300.33,10869.07,3058.6,2493.800048828125,,4320.98,8.75,10.01,9.8,12.98,21.72,9.25,8.25,9.25,3.91100001335144,,-0.5,6.75,2.9700000000000006,1785.2999897003174,-0.0011647062097661868,-0.003573490569767809,-0.002408784360001622,0.17575411133585436,14776.27,0.0015103975399440256,0.005659127247297136
2024-09-30,71.95,6120.0,2.1,180.98790698,555.5530322870613,4.08,4620.0,3.08,299.36,11855.05,3453.41,2636.10009765625,,4381.83,8.675,10.05,9.9,13.25,22.59,8.0,8.25,9.25,3.802000045776367,,-0.5749999999999993,5.9,3.1999999999999993,1879.900011062622,-0.005116460213062505,0.008701845212904112,0.013818305425966617,0.5957008829644236,31416.42,0.002394586170886278,0.007864997747562715
2024-10-31,73.62,6041.0,2.9,185.63142999700003,587.6980738774198,4.027333333333333,4541.0,3.0273333333333334,293.72,12770.58,3864.32,2738.300048828125,,4677.87,8.525,9.95,9.81,12.83,18.79,8.0,,,4.283999919891357,,0.5250000000000004,5.1,2.880000000000001,1452.4000205993652,0.0006130164003571049,0.001957973958516176,0.0013449575581590714,1.4968714393516709,57895.28,0.003258844425338487,0.0077824145108260105
2024-11-30,74.94,6227.0,2.7,272.886613506,530.0627863192664,4.1513333333333335,4727.0,3.1513333333333335,290.92,13188.99,3905.17,2657.0,,4782.14,8.16,9.08,9.04,11.86,16.98,7.75,,,4.177999973297119,,0.16000000000000014,5.05,2.7799999999999994,1276.7999839782715,-0.0005841824189777146,0.0018714915006987594,0.002455673919676474,0.7780136089700427,73004.94,0.0008759767352649452,0.006857461198932651
2024-12-31,76.46,6227.0,2.7,362.060824032,613.823074357784,4.1513333333333335,4727.0,3.1513333333333335,292.58,14614.3,4404.13,2629.199951171875,,5273.95,8.0,8.96,8.83,11.29,17.15,7.75,,,4.572999954223633,,0.25,5.05,2.3299999999999983,1282.6000118255613,-0.0005808689278867867,0.012006029244552541,0.012143827232919993,1.1403767574588306,62805.95,0.0012563954975656293,0.005485781856312607
2025-01-31,76.32,6227.0,2.7,400.6666773122001,573.0150835758235,4.1513333333333335,4727.0,3.1513333333333335,297.58,,,2812.5,,,8.0,8.47,8.42,11.74,,7.75,,,4.568999767303467,,0.25,5.05,3.2699999999999996,,0.00346725811481559,,,,0.0,0.0031243910048944718,
2025-02-28,75.78,6227.0,2.7,367.5808701378,548.113782072413,4.1513333333333335,4727.0,3.1513333333333335,295.5,,,2836.800048828125,,,7.81,8.35,8.24,11.75,,7.75,,,4.230999946594238,,0.05999999999999961,5.05,3.4000000000000004,,-0.0007442238427464815,,,,0.0,0.0026736018689507432,
2025-03-31,74.88,6227.0,2.7,354.02295029480007,693.3103082478191,4.1513333333333335,4727.0,3.1513333333333335,296.35,,,3122.800048828125,,,7.95,8.25,8.14,11.27,,7.75,,,4.245999813079834,,0.20000000000000018,5.05,3.0199999999999996,,-0.00033738191952945165,,,,0.0,0.0009165985675524319,
2025-04-30,73.1,6227.0,2.7,256.6902429952,646.10543865492,4.1513333333333335,4727.0,3.1513333333333335,299.62,,,3305.0,,,7.98,8.3,8.22,11.41,,7.75,,,4.177000045776367,,0.23000000000000043,5.05,3.1099999999999994,,-0.0001334935257623634,,,,0.0,0.0022794049267421024,
2025-05-31,72.7,6227.0,2.7,164.12979014140004,641.6891662797316,4.1513333333333335,4727.0,3.1513333333333335,299.44,,,3288.89990234375,,,7.75,7.98,7.99,10.98,,7.75,,,4.415999889373779,,0.0,5.05,3.0,,-0.0007678056159946145,,,,0.0,0.001312472351866102,
2025-06-30,72.89,6227.0,2.7,169.51437668760002,635.7377767935731,4.1513333333333335,4727.0,3.1513333333333335,299.97,,,3294.39990234375,,,7.75,7.94,7.87,11.04,,7.75,,,4.230000019073486,,0.0,5.05,3.0999999999999988,,-0.0008330695761623392,,,,0.0,0.0014424516040122775,
2025-07-31,72.89,6227.0,2.7,318.4505162256,697.276061981973,4.1513333333333335,4727.0,3.1513333333333335,302.21,,,3293.199951171875,,,7.8,8.03,7.9,11.13,,7.75,,,4.360000133514404,,0.04999999999999982,5.05,3.1000000000000014,,0.0005626810243616253,,,,0.0,0.0010852540306837018,
2025-08-31,72.89,6227.0,2.7,258.928728891,680.7523131402743,4.1513333333333335,4727.0,3.1513333333333335,302.45,,,3473.699951171875,,,7.855,8.03,7.91,11.29,,7.75,,,4.227000236511231,,0.10500000000000043,5.05,3.26,,0.000396838525000233,,,,0.0,0.0007259608093641159,
2025-09-30,72.89,6227.0,2.7,182.8957539696,695.7423286984454,4.1513333333333335,4727.0,3.1513333333333335,302.61,,,3840.800048828125,,,7.865,8.02,7.92,11.14,,7.75,,,4.1479997634887695,,0.11500000000000021,5.05,3.120000000000001,,3.3046380598210014e-05,,,,0.0,0.0005259497493053376,
2025-10-31,72.89,6227.0,2.7,186.135507768,712.0074615828589,4.1513333333333335,4727.0,3.1513333333333335,304.42,,,3982.199951171875,,,,8.04,7.93,11.17,,7.75,,,4.10099983215332,,,5.05,3.130000000000001,,0.00026282935955253007,,,,0.0,0.00032928177318783354,
2025-11-30,72.89,6227.0,2.7,186.135507768,712.0074615828589,4.1513333333333335,4727.0,3.1513333333333335,308.03,,,4218.2998046875,,,,8.03,7.92,10.71,,7.75,,,4.017000198364258,,,5.05,2.6800000000000015,,-0.00012984905066135323,,,,0.0,0.00136070876961198,
2025-12-31,72.89,6227.0,2.7,186.135507768,712.0074615828589,4.1513333333333335,4727.0,3.1513333333333335,309.72,,,4515.60009765625,,,,8.03,7.92,10.77,,7.75,,,4.169000148773193,,,5.05,2.74,,0.0002260361344529755,,,,0.0,0.000491581084557189,
